class,user_accuracy,producer_accuracy,f1_score,support,setting_id,n_estimators,max_features,min_samples_leaf,class_weight,model,reference_note
Winter wheat,0.7314814814814815,0.7523809523809524,0.7417840375586855,210.0,rf_01,300,sqrt,1,balanced,S2-only,CROME treated as a reference crop-map product rather than direct ground truth
Winter barley,0.7710280373831776,0.75,0.7603686635944701,220.0,rf_01,300,sqrt,1,balanced,S2-only,CROME treated as a reference crop-map product rather than direct ground truth
Spring barley,0.7211155378486056,0.8190045248868778,0.7669491525423728,221.0,rf_01,300,sqrt,1,balanced,S2-only,CROME treated as a reference crop-map product rather than direct ground truth
Beet (sugar beet / fodder beet),0.8048780487804879,0.7399103139013453,0.7710280373831776,223.0,rf_01,300,sqrt,1,balanced,S2-only,CROME treated as a reference crop-map product rather than direct ground truth
Maize,0.5634328358208955,0.695852534562212,0.622680412371134,217.0,rf_01,300,sqrt,1,balanced,S2-only,CROME treated as a reference crop-map product rather than direct ground truth
Oilseed rape,0.841025641025641,0.7922705314009661,0.8159203980099502,207.0,rf_01,300,sqrt,1,balanced,S2-only,CROME treated as a reference crop-map product rather than direct ground truth
Potatoes,0.7297297297297297,0.6338028169014085,0.678391959798995,213.0,rf_01,300,sqrt,1,balanced,S2-only,CROME treated as a reference crop-map product rather than direct ground truth
Pulses / field beans and peas,0.5396825396825397,0.4811320754716981,0.5087281795511222,212.0,rf_01,300,sqrt,1,balanced,S2-only,CROME treated as a reference crop-map product rather than direct ground truth
Winter wheat,0.8393782383419689,0.7714285714285715,0.8039702233250621,210.0,rf_01,300,sqrt,1,balanced,S1+S2,CROME treated as a reference crop-map product rather than direct ground truth
Winter barley,0.7937219730941704,0.8045454545454546,0.7990970654627539,220.0,rf_01,300,sqrt,1,balanced,S1+S2,CROME treated as a reference crop-map product rather than direct ground truth
Spring barley,0.827433628318584,0.8461538461538461,0.8366890380313199,221.0,rf_01,300,sqrt,1,balanced,S1+S2,CROME treated as a reference crop-map product rather than direct ground truth
Beet (sugar beet / fodder beet),0.8465116279069768,0.8161434977578476,0.8310502283105022,223.0,rf_01,300,sqrt,1,balanced,S1+S2,CROME treated as a reference crop-map product rather than direct ground truth
Maize,0.6724137931034483,0.7188940092165899,0.6948775055679287,217.0,rf_01,300,sqrt,1,balanced,S1+S2,CROME treated as a reference crop-map product rather than direct ground truth
Oilseed rape,0.8909952606635071,0.9082125603864735,0.8995215311004785,207.0,rf_01,300,sqrt,1,balanced,S1+S2,CROME treated as a reference crop-map product rather than direct ground truth
Potatoes,0.8048780487804879,0.7746478873239436,0.7894736842105263,213.0,rf_01,300,sqrt,1,balanced,S1+S2,CROME treated as a reference crop-map product rather than direct ground truth
Pulses / field beans and peas,0.6651376146788991,0.6839622641509434,0.6744186046511628,212.0,rf_01,300,sqrt,1,balanced,S1+S2,CROME treated as a reference crop-map product rather than direct ground truth
Winter wheat,0.7405660377358491,0.7476190476190476,0.7440758293838863,210.0,rf_02,300,sqrt,1,balanced_subsample,S2-only,CROME treated as a reference crop-map product rather than direct ground truth
Winter barley,0.7545454545454545,0.7545454545454545,0.7545454545454545,220.0,rf_02,300,sqrt,1,balanced_subsample,S2-only,CROME treated as a reference crop-map product rather than direct ground truth
Spring barley,0.7235772357723578,0.8054298642533937,0.7623126338329764,221.0,rf_02,300,sqrt,1,balanced_subsample,S2-only,CROME treated as a reference crop-map product rather than direct ground truth
Beet (sugar beet / fodder beet),0.8140703517587939,0.726457399103139,0.7677725118483413,223.0,rf_02,300,sqrt,1,balanced_subsample,S2-only,CROME treated as a reference crop-map product rather than direct ground truth
Maize,0.5692307692307692,0.6820276497695853,0.6205450733752621,217.0,rf_02,300,sqrt,1,balanced_subsample,S2-only,CROME treated as a reference crop-map product rather than direct ground truth
Oilseed rape,0.83,0.8019323671497585,0.8157248157248157,207.0,rf_02,300,sqrt,1,balanced_subsample,S2-only,CROME treated as a reference crop-map product rather than direct ground truth
Potatoes,0.7393617021276596,0.6525821596244131,0.6932668329177057,213.0,rf_02,300,sqrt,1,balanced_subsample,S2-only,CROME treated as a reference crop-map product rather than direct ground truth
Pulses / field beans and peas,0.5404040404040404,0.5047169811320755,0.5219512195121951,212.0,rf_02,300,sqrt,1,balanced_subsample,S2-only,CROME treated as a reference crop-map product rather than direct ground truth
Winter wheat,0.8241206030150754,0.780952380952381,0.8019559902200489,210.0,rf_02,300,sqrt,1,balanced_subsample,S1+S2,CROME treated as a reference crop-map product rather than direct ground truth
Winter barley,0.8037383177570093,0.7818181818181819,0.7926267281105991,220.0,rf_02,300,sqrt,1,balanced_subsample,S1+S2,CROME treated as a reference crop-map product rather than direct ground truth
Spring barley,0.8370044052863436,0.8597285067873304,0.8482142857142857,221.0,rf_02,300,sqrt,1,balanced_subsample,S1+S2,CROME treated as a reference crop-map product rather than direct ground truth
Beet (sugar beet / fodder beet),0.8411214953271028,0.8071748878923767,0.8237986270022883,223.0,rf_02,300,sqrt,1,balanced_subsample,S1+S2,CROME treated as a reference crop-map product rather than direct ground truth
Maize,0.6828193832599119,0.7142857142857143,0.6981981981981982,217.0,rf_02,300,sqrt,1,balanced_subsample,S1+S2,CROME treated as a reference crop-map product rather than direct ground truth
Oilseed rape,0.8904761904761904,0.9033816425120773,0.8968824940047961,207.0,rf_02,300,sqrt,1,balanced_subsample,S1+S2,CROME treated as a reference crop-map product rather than direct ground truth
Potatoes,0.7990196078431373,0.7652582159624414,0.7817745803357314,213.0,rf_02,300,sqrt,1,balanced_subsample,S1+S2,CROME treated as a reference crop-map product rather than direct ground truth
Pulses / field beans and peas,0.6491228070175439,0.6981132075471698,0.6727272727272727,212.0,rf_02,300,sqrt,1,balanced_subsample,S1+S2,CROME treated as a reference crop-map product rather than direct ground truth
Winter wheat,0.7268518518518519,0.7476190476190476,0.7370892018779343,210.0,rf_03,300,sqrt,3,balanced,S2-only,CROME treated as a reference crop-map product rather than direct ground truth
Winter barley,0.7420814479638009,0.7454545454545455,0.7437641723356009,220.0,rf_03,300,sqrt,3,balanced,S2-only,CROME treated as a reference crop-map product rather than direct ground truth
Spring barley,0.7038461538461539,0.8280542986425339,0.760914760914761,221.0,rf_03,300,sqrt,3,balanced,S2-only,CROME treated as a reference crop-map product rather than direct ground truth
Beet (sugar beet / fodder beet),0.8232323232323232,0.7309417040358744,0.7743467933491687,223.0,rf_03,300,sqrt,3,balanced,S2-only,CROME treated as a reference crop-map product rather than direct ground truth
Maize,0.582995951417004,0.663594470046083,0.6206896551724138,217.0,rf_03,300,sqrt,3,balanced,S2-only,CROME treated as a reference crop-map product rather than direct ground truth
Oilseed rape,0.8418367346938775,0.7971014492753623,0.8188585607940446,207.0,rf_03,300,sqrt,3,balanced,S2-only,CROME treated as a reference crop-map product rather than direct ground truth
Potatoes,0.7202072538860104,0.6525821596244131,0.6847290640394089,213.0,rf_03,300,sqrt,3,balanced,S2-only,CROME treated as a reference crop-map product rather than direct ground truth
Pulses / field beans and peas,0.5416666666666666,0.49056603773584906,0.5148514851485149,212.0,rf_03,300,sqrt,3,balanced,S2-only,CROME treated as a reference crop-map product rather than direct ground truth
Winter wheat,0.8316326530612245,0.7761904761904762,0.8029556650246306,210.0,rf_03,300,sqrt,3,balanced,S1+S2,CROME treated as a reference crop-map product rather than direct ground truth
Winter barley,0.8046511627906977,0.7863636363636364,0.7954022988505747,220.0,rf_03,300,sqrt,3,balanced,S1+S2,CROME treated as a reference crop-map product rather than direct ground truth
Spring barley,0.8348214285714286,0.8461538461538461,0.8404494382022472,221.0,rf_03,300,sqrt,3,balanced,S1+S2,CROME treated as a reference crop-map product rather than direct ground truth
Beet (sugar beet / fodder beet),0.8294930875576036,0.8071748878923767,0.8181818181818182,223.0,rf_03,300,sqrt,3,balanced,S1+S2,CROME treated as a reference crop-map product rather than direct ground truth
Maize,0.6785714285714286,0.7004608294930875,0.6893424036281179,217.0,rf_03,300,sqrt,3,balanced,S1+S2,CROME treated as a reference crop-map product rather than direct ground truth
Oilseed rape,0.8857142857142857,0.8985507246376812,0.8920863309352518,207.0,rf_03,300,sqrt,3,balanced,S1+S2,CROME treated as a reference crop-map product rather than direct ground truth
Potatoes,0.7874396135265701,0.7652582159624414,0.7761904761904762,213.0,rf_03,300,sqrt,3,balanced,S1+S2,CROME treated as a reference crop-map product rather than direct ground truth
Pulses / field beans and peas,0.6260869565217392,0.6792452830188679,0.6515837104072398,212.0,rf_03,300,sqrt,3,balanced,S1+S2,CROME treated as a reference crop-map product rather than direct ground truth
Winter wheat,0.7235023041474654,0.7476190476190476,0.7353629976580797,210.0,rf_04,300,sqrt,3,balanced_subsample,S2-only,CROME treated as a reference crop-map product rather than direct ground truth
Winter barley,0.7321428571428571,0.7454545454545455,0.7387387387387387,220.0,rf_04,300,sqrt,3,balanced_subsample,S2-only,CROME treated as a reference crop-map product rather than direct ground truth
Spring barley,0.7063492063492064,0.8054298642533937,0.7526427061310782,221.0,rf_04,300,sqrt,3,balanced_subsample,S2-only,CROME treated as a reference crop-map product rather than direct ground truth
Beet (sugar beet / fodder beet),0.8109452736318408,0.7309417040358744,0.7688679245283019,223.0,rf_04,300,sqrt,3,balanced_subsample,S2-only,CROME treated as a reference crop-map product rather than direct ground truth
Maize,0.5593869731800766,0.6728110599078341,0.6108786610878661,217.0,rf_04,300,sqrt,3,balanced_subsample,S2-only,CROME treated as a reference crop-map product rather than direct ground truth
Oilseed rape,0.8489583333333334,0.7874396135265701,0.8170426065162907,207.0,rf_04,300,sqrt,3,balanced_subsample,S2-only,CROME treated as a reference crop-map product rather than direct ground truth
Potatoes,0.7472527472527473,0.6384976525821596,0.6886075949367089,213.0,rf_04,300,sqrt,3,balanced_subsample,S2-only,CROME treated as a reference crop-map product rather than direct ground truth
Pulses / field beans and peas,0.5567010309278351,0.5094339622641509,0.5320197044334976,212.0,rf_04,300,sqrt,3,balanced_subsample,S2-only,CROME treated as a reference crop-map product rather than direct ground truth
Winter wheat,0.8232323232323232,0.7761904761904762,0.7990196078431373,210.0,rf_04,300,sqrt,3,balanced_subsample,S1+S2,CROME treated as a reference crop-map product rather than direct ground truth
Winter barley,0.8018433179723502,0.7909090909090909,0.7963386727688787,220.0,rf_04,300,sqrt,3,balanced_subsample,S1+S2,CROME treated as a reference crop-map product rather than direct ground truth
Spring barley,0.8444444444444444,0.8597285067873304,0.852017937219731,221.0,rf_04,300,sqrt,3,balanced_subsample,S1+S2,CROME treated as a reference crop-map product rather than direct ground truth
Beet (sugar beet / fodder beet),0.8264840182648402,0.8116591928251121,0.8190045248868778,223.0,rf_04,300,sqrt,3,balanced_subsample,S1+S2,CROME treated as a reference crop-map product rather than direct ground truth
Maize,0.6832579185520362,0.695852534562212,0.6894977168949772,217.0,rf_04,300,sqrt,3,balanced_subsample,S1+S2,CROME treated as a reference crop-map product rather than direct ground truth
Oilseed rape,0.8857142857142857,0.8985507246376812,0.8920863309352518,207.0,rf_04,300,sqrt,3,balanced_subsample,S1+S2,CROME treated as a reference crop-map product rather than direct ground truth
Potatoes,0.7990196078431373,0.7652582159624414,0.7817745803357314,213.0,rf_04,300,sqrt,3,balanced_subsample,S1+S2,CROME treated as a reference crop-map product rather than direct ground truth
Pulses / field beans and peas,0.6375545851528385,0.6886792452830188,0.6621315192743764,212.0,rf_04,300,sqrt,3,balanced_subsample,S1+S2,CROME treated as a reference crop-map product rather than direct ground truth
Winter wheat,0.7214611872146118,0.7523809523809524,0.7365967365967366,210.0,rf_05,300,sqrt,5,balanced,S2-only,CROME treated as a reference crop-map product rather than direct ground truth
Winter barley,0.7477064220183486,0.740909090909091,0.7442922374429224,220.0,rf_05,300,sqrt,5,balanced,S2-only,CROME treated as a reference crop-map product rather than direct ground truth
Spring barley,0.690566037735849,0.8280542986425339,0.7530864197530864,221.0,rf_05,300,sqrt,5,balanced,S2-only,CROME treated as a reference crop-map product rather than direct ground truth
Beet (sugar beet / fodder beet),0.8247422680412371,0.7174887892376681,0.7673860911270983,223.0,rf_05,300,sqrt,5,balanced,S2-only,CROME treated as a reference crop-map product rather than direct ground truth
Maize,0.5601503759398496,0.6866359447004609,0.6169772256728778,217.0,rf_05,300,sqrt,5,balanced,S2-only,CROME treated as a reference crop-map product rather than direct ground truth
Oilseed rape,0.8489583333333334,0.7874396135265701,0.8170426065162907,207.0,rf_05,300,sqrt,5,balanced,S2-only,CROME treated as a reference crop-map product rather than direct ground truth
Potatoes,0.732620320855615,0.6431924882629108,0.685,213.0,rf_05,300,sqrt,5,balanced,S2-only,CROME treated as a reference crop-map product rather than direct ground truth
Pulses / field beans and peas,0.532967032967033,0.45754716981132076,0.49238578680203043,212.0,rf_05,300,sqrt,5,balanced,S2-only,CROME treated as a reference crop-map product rather than direct ground truth
Winter wheat,0.8256410256410256,0.7666666666666667,0.7950617283950617,210.0,rf_05,300,sqrt,5,balanced,S1+S2,CROME treated as a reference crop-map product rather than direct ground truth
Winter barley,0.7802690582959642,0.7909090909090909,0.7855530474040632,220.0,rf_05,300,sqrt,5,balanced,S1+S2,CROME treated as a reference crop-map product rather than direct ground truth
Spring barley,0.8447488584474886,0.8371040723981901,0.8409090909090909,221.0,rf_05,300,sqrt,5,balanced,S1+S2,CROME treated as a reference crop-map product rather than direct ground truth
Beet (sugar beet / fodder beet),0.8363636363636363,0.8251121076233184,0.8306997742663657,223.0,rf_05,300,sqrt,5,balanced,S1+S2,CROME treated as a reference crop-map product rather than direct ground truth
Maize,0.6696428571428571,0.6912442396313364,0.6802721088435374,217.0,rf_05,300,sqrt,5,balanced,S1+S2,CROME treated as a reference crop-map product rather than direct ground truth
Oilseed rape,0.8826291079812206,0.9082125603864735,0.8952380952380953,207.0,rf_05,300,sqrt,5,balanced,S1+S2,CROME treated as a reference crop-map product rather than direct ground truth
Potatoes,0.81,0.7605633802816901,0.784503631961259,213.0,rf_05,300,sqrt,5,balanced,S1+S2,CROME treated as a reference crop-map product rather than direct ground truth
Pulses / field beans and peas,0.6375545851528385,0.6886792452830188,0.6621315192743764,212.0,rf_05,300,sqrt,5,balanced,S1+S2,CROME treated as a reference crop-map product rather than direct ground truth
Winter wheat,0.7142857142857143,0.7619047619047619,0.7373271889400922,210.0,rf_06,300,sqrt,5,balanced_subsample,S2-only,CROME treated as a reference crop-map product rather than direct ground truth
Winter barley,0.7488372093023256,0.7318181818181818,0.7402298850574712,220.0,rf_06,300,sqrt,5,balanced_subsample,S2-only,CROME treated as a reference crop-map product rather than direct ground truth
Spring barley,0.7027027027027027,0.8235294117647058,0.7583333333333333,221.0,rf_06,300,sqrt,5,balanced_subsample,S2-only,CROME treated as a reference crop-map product rather than direct ground truth
Beet (sugar beet / fodder beet),0.8190954773869347,0.7309417040358744,0.7725118483412322,223.0,rf_06,300,sqrt,5,balanced_subsample,S2-only,CROME treated as a reference crop-map product rather than direct ground truth
Maize,0.5703125,0.6728110599078341,0.6173361522198731,217.0,rf_06,300,sqrt,5,balanced_subsample,S2-only,CROME treated as a reference crop-map product rather than direct ground truth
Oilseed rape,0.8418367346938775,0.7971014492753623,0.8188585607940446,207.0,rf_06,300,sqrt,5,balanced_subsample,S2-only,CROME treated as a reference crop-map product rather than direct ground truth
Potatoes,0.7340425531914894,0.647887323943662,0.6882793017456359,213.0,rf_06,300,sqrt,5,balanced_subsample,S2-only,CROME treated as a reference crop-map product rather than direct ground truth
Pulses / field beans and peas,0.5483870967741935,0.4811320754716981,0.5125628140703518,212.0,rf_06,300,sqrt,5,balanced_subsample,S2-only,CROME treated as a reference crop-map product rather than direct ground truth
Winter wheat,0.8274111675126904,0.7761904761904762,0.800982800982801,210.0,rf_06,300,sqrt,5,balanced_subsample,S1+S2,CROME treated as a reference crop-map product rather than direct ground truth
Winter barley,0.7853881278538812,0.7818181818181819,0.7835990888382688,220.0,rf_06,300,sqrt,5,balanced_subsample,S1+S2,CROME treated as a reference crop-map product rather than direct ground truth
Spring barley,0.8385650224215246,0.8461538461538461,0.8423423423423423,221.0,rf_06,300,sqrt,5,balanced_subsample,S1+S2,CROME treated as a reference crop-map product rather than direct ground truth
Beet (sugar beet / fodder beet),0.8537735849056604,0.8116591928251121,0.832183908045977,223.0,rf_06,300,sqrt,5,balanced_subsample,S1+S2,CROME treated as a reference crop-map product rather than direct ground truth
Maize,0.6754385964912281,0.7096774193548387,0.6921348314606741,217.0,rf_06,300,sqrt,5,balanced_subsample,S1+S2,CROME treated as a reference crop-map product rather than direct ground truth
Oilseed rape,0.8862559241706162,0.9033816425120773,0.8947368421052632,207.0,rf_06,300,sqrt,5,balanced_subsample,S1+S2,CROME treated as a reference crop-map product rather than direct ground truth
Potatoes,0.7922705314009661,0.7699530516431925,0.780952380952381,213.0,rf_06,300,sqrt,5,balanced_subsample,S1+S2,CROME treated as a reference crop-map product rather than direct ground truth
Pulses / field beans and peas,0.6238938053097345,0.6650943396226415,0.6438356164383562,212.0,rf_06,300,sqrt,5,balanced_subsample,S1+S2,CROME treated as a reference crop-map product rather than direct ground truth
Winter wheat,0.7293577981651376,0.7571428571428571,0.7429906542056075,210.0,rf_07,300,log2,1,balanced,S2-only,CROME treated as a reference crop-map product rather than direct ground truth
Winter barley,0.7641509433962265,0.7363636363636363,0.75,220.0,rf_07,300,log2,1,balanced,S2-only,CROME treated as a reference crop-map product rather than direct ground truth
Spring barley,0.7131474103585658,0.8099547511312217,0.7584745762711864,221.0,rf_07,300,log2,1,balanced,S2-only,CROME treated as a reference crop-map product rather than direct ground truth
Beet (sugar beet / fodder beet),0.8097560975609757,0.7443946188340808,0.7757009345794392,223.0,rf_07,300,log2,1,balanced,S2-only,CROME treated as a reference crop-map product rather than direct ground truth
Maize,0.584,0.6728110599078341,0.6252676659528907,217.0,rf_07,300,log2,1,balanced,S2-only,CROME treated as a reference crop-map product rather than direct ground truth
Oilseed rape,0.8541666666666666,0.7922705314009661,0.8220551378446115,207.0,rf_07,300,log2,1,balanced,S2-only,CROME treated as a reference crop-map product rather than direct ground truth
Potatoes,0.7228260869565217,0.6244131455399061,0.6700251889168766,213.0,rf_07,300,log2,1,balanced,S2-only,CROME treated as a reference crop-map product rather than direct ground truth
Pulses / field beans and peas,0.5402843601895735,0.5377358490566038,0.5390070921985816,212.0,rf_07,300,log2,1,balanced,S2-only,CROME treated as a reference crop-map product rather than direct ground truth
Winter wheat,0.8190954773869347,0.7761904761904762,0.7970660146699267,210.0,rf_07,300,log2,1,balanced,S1+S2,CROME treated as a reference crop-map product rather than direct ground truth
Winter barley,0.7953488372093023,0.7772727272727272,0.7862068965517242,220.0,rf_07,300,log2,1,balanced,S1+S2,CROME treated as a reference crop-map product rather than direct ground truth
Spring barley,0.8222222222222222,0.8371040723981901,0.8295964125560538,221.0,rf_07,300,log2,1,balanced,S1+S2,CROME treated as a reference crop-map product rather than direct ground truth
Beet (sugar beet / fodder beet),0.8280542986425339,0.820627802690583,0.8243243243243243,223.0,rf_07,300,log2,1,balanced,S1+S2,CROME treated as a reference crop-map product rather than direct ground truth
Maize,0.6696035242290749,0.7004608294930875,0.6846846846846847,217.0,rf_07,300,log2,1,balanced,S1+S2,CROME treated as a reference crop-map product rather than direct ground truth
Oilseed rape,0.9033816425120773,0.9033816425120773,0.9033816425120773,207.0,rf_07,300,log2,1,balanced,S1+S2,CROME treated as a reference crop-map product rather than direct ground truth
Potatoes,0.8181818181818182,0.7605633802816901,0.7883211678832117,213.0,rf_07,300,log2,1,balanced,S1+S2,CROME treated as a reference crop-map product rather than direct ground truth
Pulses / field beans and peas,0.6363636363636364,0.6933962264150944,0.6636568848758465,212.0,rf_07,300,log2,1,balanced,S1+S2,CROME treated as a reference crop-map product rather than direct ground truth
Winter wheat,0.7318181818181818,0.7666666666666667,0.7488372093023256,210.0,rf_08,300,log2,1,balanced_subsample,S2-only,CROME treated as a reference crop-map product rather than direct ground truth
Winter barley,0.7685185185185185,0.7545454545454545,0.7614678899082569,220.0,rf_08,300,log2,1,balanced_subsample,S2-only,CROME treated as a reference crop-map product rather than direct ground truth
Spring barley,0.714859437751004,0.8054298642533937,0.7574468085106383,221.0,rf_08,300,log2,1,balanced_subsample,S2-only,CROME treated as a reference crop-map product rather than direct ground truth
Beet (sugar beet / fodder beet),0.803921568627451,0.7354260089686099,0.7681498829039812,223.0,rf_08,300,log2,1,balanced_subsample,S2-only,CROME treated as a reference crop-map product rather than direct ground truth
Maize,0.5823293172690763,0.6682027649769585,0.6223175965665236,217.0,rf_08,300,log2,1,balanced_subsample,S2-only,CROME treated as a reference crop-map product rather than direct ground truth
Oilseed rape,0.8481675392670157,0.782608695652174,0.8140703517587939,207.0,rf_08,300,log2,1,balanced_subsample,S2-only,CROME treated as a reference crop-map product rather than direct ground truth
Potatoes,0.7354497354497355,0.6525821596244131,0.6915422885572139,213.0,rf_08,300,log2,1,balanced_subsample,S2-only,CROME treated as a reference crop-map product rather than direct ground truth
Pulses / field beans and peas,0.5560975609756098,0.5377358490566038,0.5467625899280576,212.0,rf_08,300,log2,1,balanced_subsample,S2-only,CROME treated as a reference crop-map product rather than direct ground truth
Winter wheat,0.8290155440414507,0.7619047619047619,0.794044665012407,210.0,rf_08,300,log2,1,balanced_subsample,S1+S2,CROME treated as a reference crop-map product rather than direct ground truth
Winter barley,0.7737556561085973,0.7772727272727272,0.7755102040816326,220.0,rf_08,300,log2,1,balanced_subsample,S1+S2,CROME treated as a reference crop-map product rather than direct ground truth
Spring barley,0.8209606986899564,0.8506787330316742,0.8355555555555556,221.0,rf_08,300,log2,1,balanced_subsample,S1+S2,CROME treated as a reference crop-map product rather than direct ground truth
Beet (sugar beet / fodder beet),0.8288288288288288,0.8251121076233184,0.8269662921348314,223.0,rf_08,300,log2,1,balanced_subsample,S1+S2,CROME treated as a reference crop-map product rather than direct ground truth
Maize,0.6946902654867256,0.7235023041474654,0.708803611738149,217.0,rf_08,300,log2,1,balanced_subsample,S1+S2,CROME treated as a reference crop-map product rather than direct ground truth
Oilseed rape,0.8909952606635071,0.9082125603864735,0.8995215311004785,207.0,rf_08,300,log2,1,balanced_subsample,S1+S2,CROME treated as a reference crop-map product rather than direct ground truth
Potatoes,0.8118811881188119,0.7699530516431925,0.7903614457831325,213.0,rf_08,300,log2,1,balanced_subsample,S1+S2,CROME treated as a reference crop-map product rather than direct ground truth
Pulses / field beans and peas,0.6438356164383562,0.6650943396226415,0.654292343387471,212.0,rf_08,300,log2,1,balanced_subsample,S1+S2,CROME treated as a reference crop-map product rather than direct ground truth
Winter wheat,0.7142857142857143,0.7380952380952381,0.7259953161592506,210.0,rf_09,300,log2,3,balanced,S2-only,CROME treated as a reference crop-map product rather than direct ground truth
Winter barley,0.730593607305936,0.7272727272727273,0.7289293849658315,220.0,rf_09,300,log2,3,balanced,S2-only,CROME treated as a reference crop-map product rather than direct ground truth
Spring barley,0.7182539682539683,0.8190045248868778,0.7653276955602537,221.0,rf_09,300,log2,3,balanced,S2-only,CROME treated as a reference crop-map product rather than direct ground truth
Beet (sugar beet / fodder beet),0.8048780487804879,0.7399103139013453,0.7710280373831776,223.0,rf_09,300,log2,3,balanced,S2-only,CROME treated as a reference crop-map product rather than direct ground truth
Maize,0.5714285714285714,0.663594470046083,0.6140724946695096,217.0,rf_09,300,log2,3,balanced,S2-only,CROME treated as a reference crop-map product rather than direct ground truth
Oilseed rape,0.8131313131313131,0.7777777777777778,0.7950617283950617,207.0,rf_09,300,log2,3,balanced,S2-only,CROME treated as a reference crop-map product rather than direct ground truth
Potatoes,0.7311827956989247,0.6384976525821596,0.681704260651629,213.0,rf_09,300,log2,3,balanced,S2-only,CROME treated as a reference crop-map product rather than direct ground truth
Pulses / field beans and peas,0.5412371134020618,0.49528301886792453,0.5172413793103449,212.0,rf_09,300,log2,3,balanced,S2-only,CROME treated as a reference crop-map product rather than direct ground truth
Winter wheat,0.8140703517587939,0.7714285714285715,0.7921760391198044,210.0,rf_09,300,log2,3,balanced,S1+S2,CROME treated as a reference crop-map product rather than direct ground truth
Winter barley,0.7916666666666666,0.7772727272727272,0.7844036697247706,220.0,rf_09,300,log2,3,balanced,S1+S2,CROME treated as a reference crop-map product rather than direct ground truth
Spring barley,0.8385650224215246,0.8461538461538461,0.8423423423423423,221.0,rf_09,300,log2,3,balanced,S1+S2,CROME treated as a reference crop-map product rather than direct ground truth
Beet (sugar beet / fodder beet),0.8379629629629629,0.8116591928251121,0.8246013667425968,223.0,rf_09,300,log2,3,balanced,S1+S2,CROME treated as a reference crop-map product rather than direct ground truth
Maize,0.6651982378854625,0.695852534562212,0.6801801801801802,217.0,rf_09,300,log2,3,balanced,S1+S2,CROME treated as a reference crop-map product rather than direct ground truth
Oilseed rape,0.8820754716981132,0.9033816425120773,0.8926014319809069,207.0,rf_09,300,log2,3,balanced,S1+S2,CROME treated as a reference crop-map product rather than direct ground truth
Potatoes,0.8029556650246306,0.7652582159624414,0.7836538461538461,213.0,rf_09,300,log2,3,balanced,S1+S2,CROME treated as a reference crop-map product rather than direct ground truth
Pulses / field beans and peas,0.6431718061674009,0.6886792452830188,0.6651480637813212,212.0,rf_09,300,log2,3,balanced,S1+S2,CROME treated as a reference crop-map product rather than direct ground truth
Winter wheat,0.7168949771689498,0.7476190476190476,0.7319347319347319,210.0,rf_10,300,log2,3,balanced_subsample,S2-only,CROME treated as a reference crop-map product rather than direct ground truth
Winter barley,0.7395348837209302,0.7227272727272728,0.7310344827586207,220.0,rf_10,300,log2,3,balanced_subsample,S2-only,CROME treated as a reference crop-map product rather than direct ground truth
Spring barley,0.7098039215686275,0.8190045248868778,0.7605042016806722,221.0,rf_10,300,log2,3,balanced_subsample,S2-only,CROME treated as a reference crop-map product rather than direct ground truth
Beet (sugar beet / fodder beet),0.803921568627451,0.7354260089686099,0.7681498829039812,223.0,rf_10,300,log2,3,balanced_subsample,S2-only,CROME treated as a reference crop-map product rather than direct ground truth
Maize,0.5787401574803149,0.6774193548387096,0.6242038216560509,217.0,rf_10,300,log2,3,balanced_subsample,S2-only,CROME treated as a reference crop-map product rather than direct ground truth
Oilseed rape,0.8358974358974359,0.7874396135265701,0.8109452736318408,207.0,rf_10,300,log2,3,balanced_subsample,S2-only,CROME treated as a reference crop-map product rather than direct ground truth
Potatoes,0.7195767195767195,0.6384976525821596,0.6766169154228856,213.0,rf_10,300,log2,3,balanced_subsample,S2-only,CROME treated as a reference crop-map product rather than direct ground truth
Pulses / field beans and peas,0.53125,0.4811320754716981,0.504950495049505,212.0,rf_10,300,log2,3,balanced_subsample,S2-only,CROME treated as a reference crop-map product rather than direct ground truth
Winter wheat,0.8258706467661692,0.7904761904761904,0.8077858880778589,210.0,rf_10,300,log2,3,balanced_subsample,S1+S2,CROME treated as a reference crop-map product rather than direct ground truth
Winter barley,0.8084112149532711,0.7863636363636364,0.7972350230414746,220.0,rf_10,300,log2,3,balanced_subsample,S1+S2,CROME treated as a reference crop-map product rather than direct ground truth
Spring barley,0.8311111111111111,0.8461538461538461,0.8385650224215246,221.0,rf_10,300,log2,3,balanced_subsample,S1+S2,CROME treated as a reference crop-map product rather than direct ground truth
Beet (sugar beet / fodder beet),0.8418604651162791,0.8116591928251121,0.8264840182648402,223.0,rf_10,300,log2,3,balanced_subsample,S1+S2,CROME treated as a reference crop-map product rather than direct ground truth
Maize,0.6771300448430493,0.695852534562212,0.6863636363636364,217.0,rf_10,300,log2,3,balanced_subsample,S1+S2,CROME treated as a reference crop-map product rather than direct ground truth
Oilseed rape,0.8904761904761904,0.9033816425120773,0.8968824940047961,207.0,rf_10,300,log2,3,balanced_subsample,S1+S2,CROME treated as a reference crop-map product rather than direct ground truth
Potatoes,0.8097560975609757,0.7793427230046949,0.7942583732057417,213.0,rf_10,300,log2,3,balanced_subsample,S1+S2,CROME treated as a reference crop-map product rather than direct ground truth
Pulses / field beans and peas,0.6434782608695652,0.6981132075471698,0.669683257918552,212.0,rf_10,300,log2,3,balanced_subsample,S1+S2,CROME treated as a reference crop-map product rather than direct ground truth
Winter wheat,0.7104072398190046,0.7476190476190476,0.728538283062645,210.0,rf_11,300,log2,5,balanced,S2-only,CROME treated as a reference crop-map product rather than direct ground truth
Winter barley,0.7330316742081447,0.7363636363636363,0.7346938775510204,220.0,rf_11,300,log2,5,balanced,S2-only,CROME treated as a reference crop-map product rather than direct ground truth
Spring barley,0.7142857142857143,0.8144796380090498,0.7610993657505285,221.0,rf_11,300,log2,5,balanced,S2-only,CROME treated as a reference crop-map product rather than direct ground truth
Beet (sugar beet / fodder beet),0.8009950248756219,0.7219730941704036,0.7594339622641509,223.0,rf_11,300,log2,5,balanced,S2-only,CROME treated as a reference crop-map product rather than direct ground truth
Maize,0.5736434108527132,0.6820276497695853,0.6231578947368421,217.0,rf_11,300,log2,5,balanced,S2-only,CROME treated as a reference crop-map product rather than direct ground truth
Oilseed rape,0.8571428571428571,0.782608695652174,0.8181818181818182,207.0,rf_11,300,log2,5,balanced,S2-only,CROME treated as a reference crop-map product rather than direct ground truth
Potatoes,0.7210526315789474,0.6431924882629108,0.6799007444168734,213.0,rf_11,300,log2,5,balanced,S2-only,CROME treated as a reference crop-map product rather than direct ground truth
Pulses / field beans and peas,0.5445026178010471,0.49056603773584906,0.5161290322580645,212.0,rf_11,300,log2,5,balanced,S2-only,CROME treated as a reference crop-map product rather than direct ground truth
Winter wheat,0.825,0.7857142857142857,0.8048780487804879,210.0,rf_11,300,log2,5,balanced,S1+S2,CROME treated as a reference crop-map product rather than direct ground truth
Winter barley,0.7972350230414746,0.7863636363636364,0.7917620137299771,220.0,rf_11,300,log2,5,balanced,S1+S2,CROME treated as a reference crop-map product rather than direct ground truth
Spring barley,0.8454545454545455,0.8416289592760181,0.8435374149659864,221.0,rf_11,300,log2,5,balanced,S1+S2,CROME treated as a reference crop-map product rather than direct ground truth
Beet (sugar beet / fodder beet),0.8433179723502304,0.820627802690583,0.8318181818181818,223.0,rf_11,300,log2,5,balanced,S1+S2,CROME treated as a reference crop-map product rather than direct ground truth
Maize,0.6832579185520362,0.695852534562212,0.6894977168949772,217.0,rf_11,300,log2,5,balanced,S1+S2,CROME treated as a reference crop-map product rather than direct ground truth
Oilseed rape,0.8820754716981132,0.9033816425120773,0.8926014319809069,207.0,rf_11,300,log2,5,balanced,S1+S2,CROME treated as a reference crop-map product rather than direct ground truth
Potatoes,0.7980295566502463,0.7605633802816901,0.7788461538461539,213.0,rf_11,300,log2,5,balanced,S1+S2,CROME treated as a reference crop-map product rather than direct ground truth
Pulses / field beans and peas,0.6223175965665236,0.6839622641509434,0.651685393258427,212.0,rf_11,300,log2,5,balanced,S1+S2,CROME treated as a reference crop-map product rather than direct ground truth
Winter wheat,0.706140350877193,0.7666666666666667,0.7351598173515982,210.0,rf_12,300,log2,5,balanced_subsample,S2-only,CROME treated as a reference crop-map product rather than direct ground truth
Winter barley,0.7464788732394366,0.7227272727272728,0.7344110854503464,220.0,rf_12,300,log2,5,balanced_subsample,S2-only,CROME treated as a reference crop-map product rather than direct ground truth
Spring barley,0.7,0.8235294117647058,0.7567567567567568,221.0,rf_12,300,log2,5,balanced_subsample,S2-only,CROME treated as a reference crop-map product rather than direct ground truth
Beet (sugar beet / fodder beet),0.8090452261306532,0.7219730941704036,0.7630331753554502,223.0,rf_12,300,log2,5,balanced_subsample,S2-only,CROME treated as a reference crop-map product rather than direct ground truth
Maize,0.555984555984556,0.663594470046083,0.6050420168067226,217.0,rf_12,300,log2,5,balanced_subsample,S2-only,CROME treated as a reference crop-map product rather than direct ground truth
Oilseed rape,0.8518518518518519,0.7777777777777778,0.8131313131313131,207.0,rf_12,300,log2,5,balanced_subsample,S2-only,CROME treated as a reference crop-map product rather than direct ground truth
Potatoes,0.7258064516129032,0.6338028169014085,0.6766917293233082,213.0,rf_12,300,log2,5,balanced_subsample,S2-only,CROME treated as a reference crop-map product rather than direct ground truth
Pulses / field beans and peas,0.5185185185185185,0.46226415094339623,0.48877805486284287,212.0,rf_12,300,log2,5,balanced_subsample,S2-only,CROME treated as a reference crop-map product rather than direct ground truth
Winter wheat,0.8307692307692308,0.7714285714285715,0.8,210.0,rf_12,300,log2,5,balanced_subsample,S1+S2,CROME treated as a reference crop-map product rather than direct ground truth
Winter barley,0.7853881278538812,0.7818181818181819,0.7835990888382688,220.0,rf_12,300,log2,5,balanced_subsample,S1+S2,CROME treated as a reference crop-map product rather than direct ground truth
Spring barley,0.827433628318584,0.8461538461538461,0.8366890380313199,221.0,rf_12,300,log2,5,balanced_subsample,S1+S2,CROME treated as a reference crop-map product rather than direct ground truth
Beet (sugar beet / fodder beet),0.8387096774193549,0.8161434977578476,0.8272727272727273,223.0,rf_12,300,log2,5,balanced_subsample,S1+S2,CROME treated as a reference crop-map product rather than direct ground truth
Maize,0.6771300448430493,0.695852534562212,0.6863636363636364,217.0,rf_12,300,log2,5,balanced_subsample,S1+S2,CROME treated as a reference crop-map product rather than direct ground truth
Oilseed rape,0.8826291079812206,0.9082125603864735,0.8952380952380953,207.0,rf_12,300,log2,5,balanced_subsample,S1+S2,CROME treated as a reference crop-map product rather than direct ground truth
Potatoes,0.8078817733990148,0.7699530516431925,0.7884615384615384,213.0,rf_12,300,log2,5,balanced_subsample,S1+S2,CROME treated as a reference crop-map product rather than direct ground truth
Pulses / field beans and peas,0.6387665198237885,0.6839622641509434,0.6605922551252847,212.0,rf_12,300,log2,5,balanced_subsample,S1+S2,CROME treated as a reference crop-map product rather than direct ground truth
Winter wheat,0.7293577981651376,0.7571428571428571,0.7429906542056075,210.0,rf_13,500,sqrt,1,balanced,S2-only,CROME treated as a reference crop-map product rather than direct ground truth
Winter barley,0.7592592592592593,0.7454545454545455,0.7522935779816514,220.0,rf_13,500,sqrt,1,balanced,S2-only,CROME treated as a reference crop-map product rather than direct ground truth
Spring barley,0.7306122448979592,0.8099547511312217,0.7682403433476395,221.0,rf_13,500,sqrt,1,balanced,S2-only,CROME treated as a reference crop-map product rather than direct ground truth
Beet (sugar beet / fodder beet),0.8177339901477833,0.7443946188340808,0.7793427230046949,223.0,rf_13,500,sqrt,1,balanced,S2-only,CROME treated as a reference crop-map product rather than direct ground truth
Maize,0.5735849056603773,0.7004608294930875,0.6307053941908713,217.0,rf_13,500,sqrt,1,balanced,S2-only,CROME treated as a reference crop-map product rather than direct ground truth
Oilseed rape,0.844559585492228,0.7874396135265701,0.815,207.0,rf_13,500,sqrt,1,balanced,S2-only,CROME treated as a reference crop-map product rather than direct ground truth
Potatoes,0.745945945945946,0.647887323943662,0.6934673366834171,213.0,rf_13,500,sqrt,1,balanced,S2-only,CROME treated as a reference crop-map product rather than direct ground truth
Pulses / field beans and peas,0.5454545454545454,0.5094339622641509,0.526829268292683,212.0,rf_13,500,sqrt,1,balanced,S2-only,CROME treated as a reference crop-map product rather than direct ground truth
Winter wheat,0.8375634517766497,0.7857142857142857,0.8108108108108109,210.0,rf_13,500,sqrt,1,balanced,S1+S2,CROME treated as a reference crop-map product rather than direct ground truth
Winter barley,0.8018433179723502,0.7909090909090909,0.7963386727688787,220.0,rf_13,500,sqrt,1,balanced,S1+S2,CROME treated as a reference crop-map product rather than direct ground truth
Spring barley,0.8281938325991189,0.8506787330316742,0.8392857142857143,221.0,rf_13,500,sqrt,1,balanced,S1+S2,CROME treated as a reference crop-map product rather than direct ground truth
Beet (sugar beet / fodder beet),0.8310502283105022,0.8161434977578476,0.8235294117647058,223.0,rf_13,500,sqrt,1,balanced,S1+S2,CROME treated as a reference crop-map product rather than direct ground truth
Maize,0.6782608695652174,0.7188940092165899,0.697986577181208,217.0,rf_13,500,sqrt,1,balanced,S1+S2,CROME treated as a reference crop-map product rather than direct ground truth
Oilseed rape,0.8915094339622641,0.9130434782608695,0.9021479713603818,207.0,rf_13,500,sqrt,1,balanced,S1+S2,CROME treated as a reference crop-map product rather than direct ground truth
Potatoes,0.8059701492537313,0.7605633802816901,0.782608695652174,213.0,rf_13,500,sqrt,1,balanced,S1+S2,CROME treated as a reference crop-map product rather than direct ground truth
Pulses / field beans and peas,0.65,0.6745283018867925,0.6620370370370371,212.0,rf_13,500,sqrt,1,balanced,S1+S2,CROME treated as a reference crop-map product rather than direct ground truth
Winter wheat,0.7395348837209302,0.7571428571428571,0.7482352941176471,210.0,rf_14,500,sqrt,1,balanced_subsample,S2-only,CROME treated as a reference crop-map product rather than direct ground truth
Winter barley,0.7636363636363637,0.7636363636363637,0.7636363636363637,220.0,rf_14,500,sqrt,1,balanced_subsample,S2-only,CROME treated as a reference crop-map product rather than direct ground truth
Spring barley,0.7428571428571429,0.8235294117647058,0.7811158798283262,221.0,rf_14,500,sqrt,1,balanced_subsample,S2-only,CROME treated as a reference crop-map product rather than direct ground truth
Beet (sugar beet / fodder beet),0.815,0.7309417040358744,0.7706855791962175,223.0,rf_14,500,sqrt,1,balanced_subsample,S2-only,CROME treated as a reference crop-map product rather than direct ground truth
Maize,0.5697674418604651,0.6774193548387096,0.6189473684210526,217.0,rf_14,500,sqrt,1,balanced_subsample,S2-only,CROME treated as a reference crop-map product rather than direct ground truth
Oilseed rape,0.8461538461538461,0.7971014492753623,0.8208955223880597,207.0,rf_14,500,sqrt,1,balanced_subsample,S2-only,CROME treated as a reference crop-map product rather than direct ground truth
Potatoes,0.7421052631578947,0.6619718309859155,0.6997518610421837,213.0,rf_14,500,sqrt,1,balanced_subsample,S2-only,CROME treated as a reference crop-map product rather than direct ground truth
Pulses / field beans and peas,0.55,0.5188679245283019,0.5339805825242718,212.0,rf_14,500,sqrt,1,balanced_subsample,S2-only,CROME treated as a reference crop-map product rather than direct ground truth
Winter wheat,0.8258706467661692,0.7904761904761904,0.8077858880778589,210.0,rf_14,500,sqrt,1,balanced_subsample,S1+S2,CROME treated as a reference crop-map product rather than direct ground truth
Winter barley,0.7926267281105991,0.7818181818181819,0.7871853546910755,220.0,rf_14,500,sqrt,1,balanced_subsample,S1+S2,CROME treated as a reference crop-map product rather than direct ground truth
Spring barley,0.8370044052863436,0.8597285067873304,0.8482142857142857,221.0,rf_14,500,sqrt,1,balanced_subsample,S1+S2,CROME treated as a reference crop-map product rather than direct ground truth
Beet (sugar beet / fodder beet),0.8425925925925926,0.8161434977578476,0.8291571753986332,223.0,rf_14,500,sqrt,1,balanced_subsample,S1+S2,CROME treated as a reference crop-map product rather than direct ground truth
Maize,0.6933333333333334,0.7188940092165899,0.7058823529411765,217.0,rf_14,500,sqrt,1,balanced_subsample,S1+S2,CROME treated as a reference crop-map product rather than direct ground truth
Oilseed rape,0.8952380952380953,0.9082125603864735,0.9016786570743405,207.0,rf_14,500,sqrt,1,balanced_subsample,S1+S2,CROME treated as a reference crop-map product rather than direct ground truth
Potatoes,0.8048780487804879,0.7746478873239436,0.7894736842105263,213.0,rf_14,500,sqrt,1,balanced_subsample,S1+S2,CROME treated as a reference crop-map product rather than direct ground truth
Pulses / field beans and peas,0.6486486486486487,0.6792452830188679,0.663594470046083,212.0,rf_14,500,sqrt,1,balanced_subsample,S1+S2,CROME treated as a reference crop-map product rather than direct ground truth
Winter wheat,0.7314814814814815,0.7523809523809524,0.7417840375586855,210.0,rf_15,500,sqrt,3,balanced,S2-only,CROME treated as a reference crop-map product rather than direct ground truth
Winter barley,0.7454545454545455,0.7454545454545455,0.7454545454545455,220.0,rf_15,500,sqrt,3,balanced,S2-only,CROME treated as a reference crop-map product rather than direct ground truth
Spring barley,0.7137254901960784,0.8235294117647058,0.7647058823529411,221.0,rf_15,500,sqrt,3,balanced,S2-only,CROME treated as a reference crop-map product rather than direct ground truth
Beet (sugar beet / fodder beet),0.8078817733990148,0.7354260089686099,0.7699530516431925,223.0,rf_15,500,sqrt,3,balanced,S2-only,CROME treated as a reference crop-map product rather than direct ground truth
Maize,0.5764705882352941,0.6774193548387096,0.6228813559322034,217.0,rf_15,500,sqrt,3,balanced,S2-only,CROME treated as a reference crop-map product rather than direct ground truth
Oilseed rape,0.8393782383419689,0.782608695652174,0.81,207.0,rf_15,500,sqrt,3,balanced,S2-only,CROME treated as a reference crop-map product rather than direct ground truth
Potatoes,0.7315789473684211,0.6525821596244131,0.6898263027295285,213.0,rf_15,500,sqrt,3,balanced,S2-only,CROME treated as a reference crop-map product rather than direct ground truth
Pulses / field beans and peas,0.5392670157068062,0.4858490566037736,0.511166253101737,212.0,rf_15,500,sqrt,3,balanced,S2-only,CROME treated as a reference crop-map product rather than direct ground truth
Winter wheat,0.8333333333333334,0.7857142857142857,0.8088235294117647,210.0,rf_15,500,sqrt,3,balanced,S1+S2,CROME treated as a reference crop-map product rather than direct ground truth
Winter barley,0.7981651376146789,0.7909090909090909,0.7945205479452054,220.0,rf_15,500,sqrt,3,balanced,S1+S2,CROME treated as a reference crop-map product rather than direct ground truth
Spring barley,0.8378378378378378,0.8416289592760181,0.8397291196388262,221.0,rf_15,500,sqrt,3,balanced,S1+S2,CROME treated as a reference crop-map product rather than direct ground truth
Beet (sugar beet / fodder beet),0.8418604651162791,0.8116591928251121,0.8264840182648402,223.0,rf_15,500,sqrt,3,balanced,S1+S2,CROME treated as a reference crop-map product rather than direct ground truth
Maize,0.6772727272727272,0.6866359447004609,0.6819221967963387,217.0,rf_15,500,sqrt,3,balanced,S1+S2,CROME treated as a reference crop-map product rather than direct ground truth
Oilseed rape,0.8867924528301887,0.9082125603864735,0.8973747016706444,207.0,rf_15,500,sqrt,3,balanced,S1+S2,CROME treated as a reference crop-map product rather than direct ground truth
Potatoes,0.7904761904761904,0.7793427230046949,0.7848699763593381,213.0,rf_15,500,sqrt,3,balanced,S1+S2,CROME treated as a reference crop-map product rather than direct ground truth
Pulses / field beans and peas,0.631578947368421,0.6792452830188679,0.6545454545454545,212.0,rf_15,500,sqrt,3,balanced,S1+S2,CROME treated as a reference crop-map product rather than direct ground truth
Winter wheat,0.7181818181818181,0.7523809523809524,0.7348837209302326,210.0,rf_16,500,sqrt,3,balanced_subsample,S2-only,CROME treated as a reference crop-map product rather than direct ground truth
Winter barley,0.7351598173515982,0.7318181818181818,0.7334851936218679,220.0,rf_16,500,sqrt,3,balanced_subsample,S2-only,CROME treated as a reference crop-map product rather than direct ground truth
Spring barley,0.7047244094488189,0.8099547511312217,0.7536842105263157,221.0,rf_16,500,sqrt,3,balanced_subsample,S2-only,CROME treated as a reference crop-map product rather than direct ground truth
Beet (sugar beet / fodder beet),0.8159203980099502,0.7354260089686099,0.7735849056603774,223.0,rf_16,500,sqrt,3,balanced_subsample,S2-only,CROME treated as a reference crop-map product rather than direct ground truth
Maize,0.5687022900763359,0.6866359447004609,0.6221294363256785,217.0,rf_16,500,sqrt,3,balanced_subsample,S2-only,CROME treated as a reference crop-map product rather than direct ground truth
Oilseed rape,0.8350515463917526,0.782608695652174,0.8079800498753117,207.0,rf_16,500,sqrt,3,balanced_subsample,S2-only,CROME treated as a reference crop-map product rather than direct ground truth
Potatoes,0.7513513513513513,0.6525821596244131,0.6984924623115578,213.0,rf_16,500,sqrt,3,balanced_subsample,S2-only,CROME treated as a reference crop-map product rather than direct ground truth
Pulses / field beans and peas,0.5478723404255319,0.4858490566037736,0.515,212.0,rf_16,500,sqrt,3,balanced_subsample,S2-only,CROME treated as a reference crop-map product rather than direct ground truth
Winter wheat,0.8282828282828283,0.780952380952381,0.803921568627451,210.0,rf_16,500,sqrt,3,balanced_subsample,S1+S2,CROME treated as a reference crop-map product rather than direct ground truth
Winter barley,0.7935779816513762,0.7863636363636364,0.7899543378995434,220.0,rf_16,500,sqrt,3,balanced_subsample,S1+S2,CROME treated as a reference crop-map product rather than direct ground truth
Spring barley,0.8482142857142857,0.8597285067873304,0.8539325842696629,221.0,rf_16,500,sqrt,3,balanced_subsample,S1+S2,CROME treated as a reference crop-map product rather than direct ground truth
Beet (sugar beet / fodder beet),0.8294930875576036,0.8071748878923767,0.8181818181818182,223.0,rf_16,500,sqrt,3,balanced_subsample,S1+S2,CROME treated as a reference crop-map product rather than direct ground truth
Maize,0.6771300448430493,0.695852534562212,0.6863636363636364,217.0,rf_16,500,sqrt,3,balanced_subsample,S1+S2,CROME treated as a reference crop-map product rather than direct ground truth
Oilseed rape,0.8826291079812206,0.9082125603864735,0.8952380952380953,207.0,rf_16,500,sqrt,3,balanced_subsample,S1+S2,CROME treated as a reference crop-map product rather than direct ground truth
Potatoes,0.7904761904761904,0.7793427230046949,0.7848699763593381,213.0,rf_16,500,sqrt,3,balanced_subsample,S1+S2,CROME treated as a reference crop-map product rather than direct ground truth
Pulses / field beans and peas,0.65,0.6745283018867925,0.6620370370370371,212.0,rf_16,500,sqrt,3,balanced_subsample,S1+S2,CROME treated as a reference crop-map product rather than direct ground truth
Winter wheat,0.7194570135746606,0.7571428571428571,0.7378190255220418,210.0,rf_17,500,sqrt,5,balanced,S2-only,CROME treated as a reference crop-map product rather than direct ground truth
Winter barley,0.7477064220183486,0.740909090909091,0.7442922374429224,220.0,rf_17,500,sqrt,5,balanced,S2-only,CROME treated as a reference crop-map product rather than direct ground truth
Spring barley,0.6923076923076923,0.8144796380090498,0.7484407484407485,221.0,rf_17,500,sqrt,5,balanced,S2-only,CROME treated as a reference crop-map product rather than direct ground truth
Beet (sugar beet / fodder beet),0.8190954773869347,0.7309417040358744,0.7725118483412322,223.0,rf_17,500,sqrt,5,balanced,S2-only,CROME treated as a reference crop-map product rather than direct ground truth
Maize,0.5543071161048689,0.6820276497695853,0.6115702479338843,217.0,rf_17,500,sqrt,5,balanced,S2-only,CROME treated as a reference crop-map product rather than direct ground truth
Oilseed rape,0.8341968911917098,0.7777777777777778,0.805,207.0,rf_17,500,sqrt,5,balanced,S2-only,CROME treated as a reference crop-map product rather than direct ground truth
Potatoes,0.7445652173913043,0.6431924882629108,0.690176322418136,213.0,rf_17,500,sqrt,5,balanced,S2-only,CROME treated as a reference crop-map product rather than direct ground truth
Pulses / field beans and peas,0.5303867403314917,0.4528301886792453,0.48854961832061067,212.0,rf_17,500,sqrt,5,balanced,S2-only,CROME treated as a reference crop-map product rather than direct ground truth
Winter wheat,0.8241206030150754,0.780952380952381,0.8019559902200489,210.0,rf_17,500,sqrt,5,balanced,S1+S2,CROME treated as a reference crop-map product rather than direct ground truth
Winter barley,0.7837837837837838,0.7909090909090909,0.7873303167420814,220.0,rf_17,500,sqrt,5,balanced,S1+S2,CROME treated as a reference crop-map product rather than direct ground truth
Spring barley,0.8447488584474886,0.8371040723981901,0.8409090909090909,221.0,rf_17,500,sqrt,5,balanced,S1+S2,CROME treated as a reference crop-map product rather than direct ground truth
Beet (sugar beet / fodder beet),0.8387096774193549,0.8161434977578476,0.8272727272727273,223.0,rf_17,500,sqrt,5,balanced,S1+S2,CROME treated as a reference crop-map product rather than direct ground truth
Maize,0.6622222222222223,0.6866359447004609,0.6742081447963801,217.0,rf_17,500,sqrt,5,balanced,S1+S2,CROME treated as a reference crop-map product rather than direct ground truth
Oilseed rape,0.8873239436619719,0.9130434782608695,0.9,207.0,rf_17,500,sqrt,5,balanced,S1+S2,CROME treated as a reference crop-map product rather than direct ground truth
Potatoes,0.7961165048543689,0.7699530516431925,0.7828162291169452,213.0,rf_17,500,sqrt,5,balanced,S1+S2,CROME treated as a reference crop-map product rather than direct ground truth
Pulses / field beans and peas,0.6441441441441441,0.6745283018867925,0.6589861751152074,212.0,rf_17,500,sqrt,5,balanced,S1+S2,CROME treated as a reference crop-map product rather than direct ground truth
Winter wheat,0.7053571428571429,0.7523809523809524,0.728110599078341,210.0,rf_18,500,sqrt,5,balanced_subsample,S2-only,CROME treated as a reference crop-map product rather than direct ground truth
Winter barley,0.7385321100917431,0.7318181818181818,0.7351598173515982,220.0,rf_18,500,sqrt,5,balanced_subsample,S2-only,CROME treated as a reference crop-map product rather than direct ground truth
Spring barley,0.70703125,0.8190045248868778,0.7589098532494759,221.0,rf_18,500,sqrt,5,balanced_subsample,S2-only,CROME treated as a reference crop-map product rather than direct ground truth
Beet (sugar beet / fodder beet),0.8109452736318408,0.7309417040358744,0.7688679245283019,223.0,rf_18,500,sqrt,5,balanced_subsample,S2-only,CROME treated as a reference crop-map product rather than direct ground truth
Maize,0.5675675675675675,0.6774193548387096,0.6176470588235294,217.0,rf_18,500,sqrt,5,balanced_subsample,S2-only,CROME treated as a reference crop-map product rather than direct ground truth
Oilseed rape,0.8489583333333334,0.7874396135265701,0.8170426065162907,207.0,rf_18,500,sqrt,5,balanced_subsample,S2-only,CROME treated as a reference crop-map product rather than direct ground truth
Potatoes,0.7307692307692307,0.6244131455399061,0.6734177215189874,213.0,rf_18,500,sqrt,5,balanced_subsample,S2-only,CROME treated as a reference crop-map product rather than direct ground truth
Pulses / field beans and peas,0.5340314136125655,0.4811320754716981,0.5062034739454094,212.0,rf_18,500,sqrt,5,balanced_subsample,S2-only,CROME treated as a reference crop-map product rather than direct ground truth
Winter wheat,0.8232323232323232,0.7761904761904762,0.7990196078431373,210.0,rf_18,500,sqrt,5,balanced_subsample,S1+S2,CROME treated as a reference crop-map product rather than direct ground truth
Winter barley,0.7863636363636364,0.7863636363636364,0.7863636363636364,220.0,rf_18,500,sqrt,5,balanced_subsample,S1+S2,CROME treated as a reference crop-map product rather than direct ground truth
Spring barley,0.8371040723981901,0.8371040723981901,0.8371040723981901,221.0,rf_18,500,sqrt,5,balanced_subsample,S1+S2,CROME treated as a reference crop-map product rather than direct ground truth
Beet (sugar beet / fodder beet),0.8497652582159625,0.8116591928251121,0.8302752293577982,223.0,rf_18,500,sqrt,5,balanced_subsample,S1+S2,CROME treated as a reference crop-map product rather than direct ground truth
Maize,0.6711111111111111,0.695852534562212,0.6832579185520362,217.0,rf_18,500,sqrt,5,balanced_subsample,S1+S2,CROME treated as a reference crop-map product rather than direct ground truth
Oilseed rape,0.883177570093458,0.9130434782608695,0.8978622327790974,207.0,rf_18,500,sqrt,5,balanced_subsample,S1+S2,CROME treated as a reference crop-map product rather than direct ground truth
Potatoes,0.8078817733990148,0.7699530516431925,0.7884615384615384,213.0,rf_18,500,sqrt,5,balanced_subsample,S1+S2,CROME treated as a reference crop-map product rather than direct ground truth
Pulses / field beans and peas,0.62882096069869,0.6792452830188679,0.6530612244897959,212.0,rf_18,500,sqrt,5,balanced_subsample,S1+S2,CROME treated as a reference crop-map product rather than direct ground truth
Winter wheat,0.7149321266968326,0.7523809523809524,0.7331786542923434,210.0,rf_19,500,log2,1,balanced,S2-only,CROME treated as a reference crop-map product rather than direct ground truth
Winter barley,0.7641509433962265,0.7363636363636363,0.75,220.0,rf_19,500,log2,1,balanced,S2-only,CROME treated as a reference crop-map product rather than direct ground truth
Spring barley,0.716,0.8099547511312217,0.7600849256900213,221.0,rf_19,500,log2,1,balanced,S2-only,CROME treated as a reference crop-map product rather than direct ground truth
Beet (sugar beet / fodder beet),0.8,0.7354260089686099,0.7663551401869159,223.0,rf_19,500,log2,1,balanced,S2-only,CROME treated as a reference crop-map product rather than direct ground truth
Maize,0.582995951417004,0.663594470046083,0.6206896551724138,217.0,rf_19,500,log2,1,balanced,S2-only,CROME treated as a reference crop-map product rather than direct ground truth
Oilseed rape,0.8631578947368421,0.7922705314009661,0.8261964735516373,207.0,rf_19,500,log2,1,balanced,S2-only,CROME treated as a reference crop-map product rather than direct ground truth
Potatoes,0.7391304347826086,0.6384976525821596,0.6851385390428212,213.0,rf_19,500,log2,1,balanced,S2-only,CROME treated as a reference crop-map product rather than direct ground truth
Pulses / field beans and peas,0.5233644859813084,0.5283018867924528,0.5258215962441315,212.0,rf_19,500,log2,1,balanced,S2-only,CROME treated as a reference crop-map product rather than direct ground truth
Winter wheat,0.8333333333333334,0.7857142857142857,0.8088235294117647,210.0,rf_19,500,log2,1,balanced,S1+S2,CROME treated as a reference crop-map product rather than direct ground truth
Winter barley,0.8,0.7818181818181819,0.7908045977011494,220.0,rf_19,500,log2,1,balanced,S1+S2,CROME treated as a reference crop-map product rather than direct ground truth
Spring barley,0.8245614035087719,0.8506787330316742,0.8374164810690423,221.0,rf_19,500,log2,1,balanced,S1+S2,CROME treated as a reference crop-map product rather than direct ground truth
Beet (sugar beet / fodder beet),0.8363636363636363,0.8251121076233184,0.8306997742663657,223.0,rf_19,500,log2,1,balanced,S1+S2,CROME treated as a reference crop-map product rather than direct ground truth
Maize,0.6637554585152838,0.7004608294930875,0.6816143497757847,217.0,rf_19,500,log2,1,balanced,S1+S2,CROME treated as a reference crop-map product rather than direct ground truth
Oilseed rape,0.8909952606635071,0.9082125603864735,0.8995215311004785,207.0,rf_19,500,log2,1,balanced,S1+S2,CROME treated as a reference crop-map product rather than direct ground truth
Potatoes,0.8159203980099502,0.7699530516431925,0.7922705314009661,213.0,rf_19,500,log2,1,balanced,S1+S2,CROME treated as a reference crop-map product rather than direct ground truth
Pulses / field beans and peas,0.6425339366515838,0.6698113207547169,0.6558891454965358,212.0,rf_19,500,log2,1,balanced,S1+S2,CROME treated as a reference crop-map product rather than direct ground truth
Winter wheat,0.7385321100917431,0.7666666666666667,0.7523364485981309,210.0,rf_20,500,log2,1,balanced_subsample,S2-only,CROME treated as a reference crop-map product rather than direct ground truth
Winter barley,0.7625570776255708,0.759090909090909,0.7608200455580866,220.0,rf_20,500,log2,1,balanced_subsample,S2-only,CROME treated as a reference crop-map product rather than direct ground truth
Spring barley,0.7258064516129032,0.8144796380090498,0.767590618336887,221.0,rf_20,500,log2,1,balanced_subsample,S2-only,CROME treated as a reference crop-map product rather than direct ground truth
Beet (sugar beet / fodder beet),0.803921568627451,0.7354260089686099,0.7681498829039812,223.0,rf_20,500,log2,1,balanced_subsample,S2-only,CROME treated as a reference crop-map product rather than direct ground truth
Maize,0.5789473684210527,0.6589861751152074,0.6163793103448276,217.0,rf_20,500,log2,1,balanced_subsample,S2-only,CROME treated as a reference crop-map product rather than direct ground truth
Oilseed rape,0.8481675392670157,0.782608695652174,0.8140703517587939,207.0,rf_20,500,log2,1,balanced_subsample,S2-only,CROME treated as a reference crop-map product rather than direct ground truth
Potatoes,0.7263157894736842,0.647887323943662,0.684863523573201,213.0,rf_20,500,log2,1,balanced_subsample,S2-only,CROME treated as a reference crop-map product rather than direct ground truth
Pulses / field beans and peas,0.5485436893203883,0.5330188679245284,0.5406698564593302,212.0,rf_20,500,log2,1,balanced_subsample,S2-only,CROME treated as a reference crop-map product rather than direct ground truth
Winter wheat,0.8223350253807107,0.7714285714285715,0.7960687960687961,210.0,rf_20,500,log2,1,balanced_subsample,S1+S2,CROME treated as a reference crop-map product rather than direct ground truth
Winter barley,0.7702702702702703,0.7772727272727272,0.7737556561085973,220.0,rf_20,500,log2,1,balanced_subsample,S1+S2,CROME treated as a reference crop-map product rather than direct ground truth
Spring barley,0.8209606986899564,0.8506787330316742,0.8355555555555556,221.0,rf_20,500,log2,1,balanced_subsample,S1+S2,CROME treated as a reference crop-map product rather than direct ground truth
Beet (sugar beet / fodder beet),0.8356164383561644,0.820627802690583,0.8280542986425339,223.0,rf_20,500,log2,1,balanced_subsample,S1+S2,CROME treated as a reference crop-map product rather than direct ground truth
Maize,0.6954545454545454,0.7050691244239631,0.700228832951945,217.0,rf_20,500,log2,1,balanced_subsample,S1+S2,CROME treated as a reference crop-map product rather than direct ground truth
Oilseed rape,0.8867924528301887,0.9082125603864735,0.8973747016706444,207.0,rf_20,500,log2,1,balanced_subsample,S1+S2,CROME treated as a reference crop-map product rather than direct ground truth
Potatoes,0.8076923076923077,0.7887323943661971,0.7980997624703088,213.0,rf_20,500,log2,1,balanced_subsample,S1+S2,CROME treated as a reference crop-map product rather than direct ground truth
Pulses / field beans and peas,0.6481481481481481,0.660377358490566,0.6542056074766355,212.0,rf_20,500,log2,1,balanced_subsample,S1+S2,CROME treated as a reference crop-map product rather than direct ground truth
Winter wheat,0.7327188940092166,0.7571428571428571,0.7447306791569087,210.0,rf_21,500,log2,3,balanced,S2-only,CROME treated as a reference crop-map product rather than direct ground truth
Winter barley,0.7453703703703703,0.7318181818181818,0.7385321100917431,220.0,rf_21,500,log2,3,balanced,S2-only,CROME treated as a reference crop-map product rather than direct ground truth
Spring barley,0.7058823529411765,0.8144796380090498,0.7563025210084033,221.0,rf_21,500,log2,3,balanced,S2-only,CROME treated as a reference crop-map product rather than direct ground truth
Beet (sugar beet / fodder beet),0.8088235294117647,0.7399103139013453,0.7728337236533958,223.0,rf_21,500,log2,3,balanced,S2-only,CROME treated as a reference crop-map product rather than direct ground truth
Maize,0.5725806451612904,0.6543778801843319,0.610752688172043,217.0,rf_21,500,log2,3,balanced,S2-only,CROME treated as a reference crop-map product rather than direct ground truth
Oilseed rape,0.8232323232323232,0.7874396135265701,0.8049382716049382,207.0,rf_21,500,log2,3,balanced,S2-only,CROME treated as a reference crop-map product rather than direct ground truth
Potatoes,0.7105263157894737,0.6338028169014085,0.6699751861042184,213.0,rf_21,500,log2,3,balanced,S2-only,CROME treated as a reference crop-map product rather than direct ground truth
Pulses / field beans and peas,0.5230769230769231,0.4811320754716981,0.5012285012285013,212.0,rf_21,500,log2,3,balanced,S2-only,CROME treated as a reference crop-map product rather than direct ground truth
Winter wheat,0.8208955223880597,0.7857142857142857,0.8029197080291971,210.0,rf_21,500,log2,3,balanced,S1+S2,CROME treated as a reference crop-map product rather than direct ground truth
Winter barley,0.7972350230414746,0.7863636363636364,0.7917620137299771,220.0,rf_21,500,log2,3,balanced,S1+S2,CROME treated as a reference crop-map product rather than direct ground truth
Spring barley,0.8355555555555556,0.8506787330316742,0.8430493273542601,221.0,rf_21,500,log2,3,balanced,S1+S2,CROME treated as a reference crop-map product rather than direct ground truth
Beet (sugar beet / fodder beet),0.8387096774193549,0.8161434977578476,0.8272727272727273,223.0,rf_21,500,log2,3,balanced,S1+S2,CROME treated as a reference crop-map product rather than direct ground truth
Maize,0.6771300448430493,0.695852534562212,0.6863636363636364,217.0,rf_21,500,log2,3,balanced,S1+S2,CROME treated as a reference crop-map product rather than direct ground truth
Oilseed rape,0.8867924528301887,0.9082125603864735,0.8973747016706444,207.0,rf_21,500,log2,3,balanced,S1+S2,CROME treated as a reference crop-map product rather than direct ground truth
Potatoes,0.8177339901477833,0.7793427230046949,0.7980769230769231,213.0,rf_21,500,log2,3,balanced,S1+S2,CROME treated as a reference crop-map product rather than direct ground truth
Pulses / field beans and peas,0.6444444444444445,0.6839622641509434,0.6636155606407322,212.0,rf_21,500,log2,3,balanced,S1+S2,CROME treated as a reference crop-map product rather than direct ground truth
Winter wheat,0.7293577981651376,0.7571428571428571,0.7429906542056075,210.0,rf_22,500,log2,3,balanced_subsample,S2-only,CROME treated as a reference crop-map product rather than direct ground truth
Winter barley,0.7523364485981309,0.7318181818181818,0.7419354838709677,220.0,rf_22,500,log2,3,balanced_subsample,S2-only,CROME treated as a reference crop-map product rather than direct ground truth
Spring barley,0.7109375,0.8235294117647058,0.7631027253668763,221.0,rf_22,500,log2,3,balanced_subsample,S2-only,CROME treated as a reference crop-map product rather than direct ground truth
Beet (sugar beet / fodder beet),0.806930693069307,0.7309417040358744,0.7670588235294118,223.0,rf_22,500,log2,3,balanced_subsample,S2-only,CROME treated as a reference crop-map product rather than direct ground truth
Maize,0.5742971887550201,0.6589861751152074,0.6137339055793991,217.0,rf_22,500,log2,3,balanced_subsample,S2-only,CROME treated as a reference crop-map product rather than direct ground truth
Oilseed rape,0.8333333333333334,0.7971014492753623,0.8148148148148148,207.0,rf_22,500,log2,3,balanced_subsample,S2-only,CROME treated as a reference crop-map product rather than direct ground truth
Potatoes,0.7225130890052356,0.647887323943662,0.6831683168316832,213.0,rf_22,500,log2,3,balanced_subsample,S2-only,CROME treated as a reference crop-map product rather than direct ground truth
Pulses / field beans and peas,0.5282051282051282,0.4858490566037736,0.5061425061425061,212.0,rf_22,500,log2,3,balanced_subsample,S2-only,CROME treated as a reference crop-map product rather than direct ground truth
Winter wheat,0.8258706467661692,0.7904761904761904,0.8077858880778589,210.0,rf_22,500,log2,3,balanced_subsample,S1+S2,CROME treated as a reference crop-map product rather than direct ground truth
Winter barley,0.8046511627906977,0.7863636363636364,0.7954022988505747,220.0,rf_22,500,log2,3,balanced_subsample,S1+S2,CROME treated as a reference crop-map product rather than direct ground truth
Spring barley,0.8385650224215246,0.8461538461538461,0.8423423423423423,221.0,rf_22,500,log2,3,balanced_subsample,S1+S2,CROME treated as a reference crop-map product rather than direct ground truth
Beet (sugar beet / fodder beet),0.8457943925233645,0.8116591928251121,0.8283752860411899,223.0,rf_22,500,log2,3,balanced_subsample,S1+S2,CROME treated as a reference crop-map product rather than direct ground truth
Maize,0.6740088105726872,0.7050691244239631,0.6891891891891891,217.0,rf_22,500,log2,3,balanced_subsample,S1+S2,CROME treated as a reference crop-map product rather than direct ground truth
Oilseed rape,0.8952380952380953,0.9082125603864735,0.9016786570743405,207.0,rf_22,500,log2,3,balanced_subsample,S1+S2,CROME treated as a reference crop-map product rather than direct ground truth
Potatoes,0.8048780487804879,0.7746478873239436,0.7894736842105263,213.0,rf_22,500,log2,3,balanced_subsample,S1+S2,CROME treated as a reference crop-map product rather than direct ground truth
Pulses / field beans and peas,0.631578947368421,0.6792452830188679,0.6545454545454545,212.0,rf_22,500,log2,3,balanced_subsample,S1+S2,CROME treated as a reference crop-map product rather than direct ground truth
Winter wheat,0.7162162162162162,0.7571428571428571,0.7361111111111112,210.0,rf_23,500,log2,5,balanced,S2-only,CROME treated as a reference crop-map product rather than direct ground truth
Winter barley,0.740909090909091,0.740909090909091,0.740909090909091,220.0,rf_23,500,log2,5,balanced,S2-only,CROME treated as a reference crop-map product rather than direct ground truth
Spring barley,0.6976744186046512,0.8144796380090498,0.7515657620041754,221.0,rf_23,500,log2,5,balanced,S2-only,CROME treated as a reference crop-map product rather than direct ground truth
Beet (sugar beet / fodder beet),0.7970297029702971,0.7219730941704036,0.7576470588235295,223.0,rf_23,500,log2,5,balanced,S2-only,CROME treated as a reference crop-map product rather than direct ground truth
Maize,0.5680933852140078,0.6728110599078341,0.6160337552742616,217.0,rf_23,500,log2,5,balanced,S2-only,CROME treated as a reference crop-map product rather than direct ground truth
Oilseed rape,0.8624338624338624,0.7874396135265701,0.8232323232323232,207.0,rf_23,500,log2,5,balanced,S2-only,CROME treated as a reference crop-map product rather than direct ground truth
Potatoes,0.7272727272727273,0.6384976525821596,0.68,213.0,rf_23,500,log2,5,balanced,S2-only,CROME treated as a reference crop-map product rather than direct ground truth
Pulses / field beans and peas,0.5478723404255319,0.4858490566037736,0.515,212.0,rf_23,500,log2,5,balanced,S2-only,CROME treated as a reference crop-map product rather than direct ground truth
Winter wheat,0.8333333333333334,0.7857142857142857,0.8088235294117647,210.0,rf_23,500,log2,5,balanced,S1+S2,CROME treated as a reference crop-map product rather than direct ground truth
Winter barley,0.7909090909090909,0.7909090909090909,0.7909090909090909,220.0,rf_23,500,log2,5,balanced,S1+S2,CROME treated as a reference crop-map product rather than direct ground truth
Spring barley,0.8430493273542601,0.8506787330316742,0.8468468468468469,221.0,rf_23,500,log2,5,balanced,S1+S2,CROME treated as a reference crop-map product rather than direct ground truth
Beet (sugar beet / fodder beet),0.8401826484018264,0.8251121076233184,0.832579185520362,223.0,rf_23,500,log2,5,balanced,S1+S2,CROME treated as a reference crop-map product rather than direct ground truth
Maize,0.6894977168949772,0.695852534562212,0.6926605504587156,217.0,rf_23,500,log2,5,balanced,S1+S2,CROME treated as a reference crop-map product rather than direct ground truth
Oilseed rape,0.8820754716981132,0.9033816425120773,0.8926014319809069,207.0,rf_23,500,log2,5,balanced,S1+S2,CROME treated as a reference crop-map product rather than direct ground truth
Potatoes,0.8,0.7699530516431925,0.784688995215311,213.0,rf_23,500,log2,5,balanced,S1+S2,CROME treated as a reference crop-map product rather than direct ground truth
Pulses / field beans and peas,0.6387665198237885,0.6839622641509434,0.6605922551252847,212.0,rf_23,500,log2,5,balanced,S1+S2,CROME treated as a reference crop-map product rather than direct ground truth
Winter wheat,0.7030567685589519,0.7666666666666667,0.7334851936218679,210.0,rf_24,500,log2,5,balanced_subsample,S2-only,CROME treated as a reference crop-map product rather than direct ground truth
Winter barley,0.7476635514018691,0.7272727272727273,0.7373271889400922,220.0,rf_24,500,log2,5,balanced_subsample,S2-only,CROME treated as a reference crop-map product rather than direct ground truth
Spring barley,0.7098039215686275,0.8190045248868778,0.7605042016806722,221.0,rf_24,500,log2,5,balanced_subsample,S2-only,CROME treated as a reference crop-map product rather than direct ground truth
Beet (sugar beet / fodder beet),0.8140703517587939,0.726457399103139,0.7677725118483413,223.0,rf_24,500,log2,5,balanced_subsample,S2-only,CROME treated as a reference crop-map product rather than direct ground truth
Maize,0.5555555555555556,0.6682027649769585,0.606694560669456,217.0,rf_24,500,log2,5,balanced_subsample,S2-only,CROME treated as a reference crop-map product rather than direct ground truth
Oilseed rape,0.8473684210526315,0.7777777777777778,0.8110831234256927,207.0,rf_24,500,log2,5,balanced_subsample,S2-only,CROME treated as a reference crop-map product rather than direct ground truth
Potatoes,0.7180851063829787,0.6338028169014085,0.6733167082294265,213.0,rf_24,500,log2,5,balanced_subsample,S2-only,CROME treated as a reference crop-map product rather than direct ground truth
Pulses / field beans and peas,0.5347593582887701,0.4716981132075472,0.5012531328320802,212.0,rf_24,500,log2,5,balanced_subsample,S2-only,CROME treated as a reference crop-map product rather than direct ground truth
Winter wheat,0.8282828282828283,0.780952380952381,0.803921568627451,210.0,rf_24,500,log2,5,balanced_subsample,S1+S2,CROME treated as a reference crop-map product rather than direct ground truth
Winter barley,0.7853881278538812,0.7818181818181819,0.7835990888382688,220.0,rf_24,500,log2,5,balanced_subsample,S1+S2,CROME treated as a reference crop-map product rather than direct ground truth
Spring barley,0.8258928571428571,0.8371040723981901,0.8314606741573034,221.0,rf_24,500,log2,5,balanced_subsample,S1+S2,CROME treated as a reference crop-map product rather than direct ground truth
Beet (sugar beet / fodder beet),0.8465116279069768,0.8161434977578476,0.8310502283105022,223.0,rf_24,500,log2,5,balanced_subsample,S1+S2,CROME treated as a reference crop-map product rather than direct ground truth
Maize,0.6696428571428571,0.6912442396313364,0.6802721088435374,217.0,rf_24,500,log2,5,balanced_subsample,S1+S2,CROME treated as a reference crop-map product rather than direct ground truth
Oilseed rape,0.8826291079812206,0.9082125603864735,0.8952380952380953,207.0,rf_24,500,log2,5,balanced_subsample,S1+S2,CROME treated as a reference crop-map product rather than direct ground truth
Potatoes,0.8118811881188119,0.7699530516431925,0.7903614457831325,213.0,rf_24,500,log2,5,balanced_subsample,S1+S2,CROME treated as a reference crop-map product rather than direct ground truth
Pulses / field beans and peas,0.631578947368421,0.6792452830188679,0.6545454545454545,212.0,rf_24,500,log2,5,balanced_subsample,S1+S2,CROME treated as a reference crop-map product rather than direct ground truth
Winter wheat,0.7327188940092166,0.7571428571428571,0.7447306791569087,210.0,rf_25,800,sqrt,1,balanced,S2-only,CROME treated as a reference crop-map product rather than direct ground truth
Winter barley,0.7638888888888888,0.75,0.7568807339449541,220.0,rf_25,800,sqrt,1,balanced,S2-only,CROME treated as a reference crop-map product rather than direct ground truth
Spring barley,0.7228915662650602,0.8144796380090498,0.7659574468085106,221.0,rf_25,800,sqrt,1,balanced,S2-only,CROME treated as a reference crop-map product rather than direct ground truth
Beet (sugar beet / fodder beet),0.815,0.7309417040358744,0.7706855791962175,223.0,rf_25,800,sqrt,1,balanced,S2-only,CROME treated as a reference crop-map product rather than direct ground truth
Maize,0.5763358778625954,0.695852534562212,0.6304801670146137,217.0,rf_25,800,sqrt,1,balanced,S2-only,CROME treated as a reference crop-map product rather than direct ground truth
Oilseed rape,0.8316326530612245,0.7874396135265701,0.8089330024813896,207.0,rf_25,800,sqrt,1,balanced,S2-only,CROME treated as a reference crop-map product rather than direct ground truth
Potatoes,0.7472527472527473,0.6384976525821596,0.6886075949367089,213.0,rf_25,800,sqrt,1,balanced,S2-only,CROME treated as a reference crop-map product rather than direct ground truth
Pulses / field beans and peas,0.5373134328358209,0.5094339622641509,0.5230024213075061,212.0,rf_25,800,sqrt,1,balanced,S2-only,CROME treated as a reference crop-map product rather than direct ground truth
Winter wheat,0.8426395939086294,0.7904761904761904,0.8157248157248157,210.0,rf_25,800,sqrt,1,balanced,S1+S2,CROME treated as a reference crop-map product rather than direct ground truth
Winter barley,0.7972350230414746,0.7863636363636364,0.7917620137299771,220.0,rf_25,800,sqrt,1,balanced,S1+S2,CROME treated as a reference crop-map product rather than direct ground truth
Spring barley,0.8281938325991189,0.8506787330316742,0.8392857142857143,221.0,rf_25,800,sqrt,1,balanced,S1+S2,CROME treated as a reference crop-map product rather than direct ground truth
Beet (sugar beet / fodder beet),0.8356164383561644,0.820627802690583,0.8280542986425339,223.0,rf_25,800,sqrt,1,balanced,S1+S2,CROME treated as a reference crop-map product rather than direct ground truth
Maize,0.6875,0.7096774193548387,0.6984126984126984,217.0,rf_25,800,sqrt,1,balanced,S1+S2,CROME treated as a reference crop-map product rather than direct ground truth
Oilseed rape,0.8909952606635071,0.9082125603864735,0.8995215311004785,207.0,rf_25,800,sqrt,1,balanced,S1+S2,CROME treated as a reference crop-map product rather than direct ground truth
Potatoes,0.8097560975609757,0.7793427230046949,0.7942583732057417,213.0,rf_25,800,sqrt,1,balanced,S1+S2,CROME treated as a reference crop-map product rather than direct ground truth
Pulses / field beans and peas,0.6547085201793722,0.6886792452830188,0.671264367816092,212.0,rf_25,800,sqrt,1,balanced,S1+S2,CROME treated as a reference crop-map product rather than direct ground truth
Winter wheat,0.7419354838709677,0.7666666666666667,0.7540983606557377,210.0,rf_26,800,sqrt,1,balanced_subsample,S2-only,CROME treated as a reference crop-map product rather than direct ground truth
Winter barley,0.7731481481481481,0.759090909090909,0.7660550458715596,220.0,rf_26,800,sqrt,1,balanced_subsample,S2-only,CROME treated as a reference crop-map product rather than direct ground truth
Spring barley,0.7228915662650602,0.8144796380090498,0.7659574468085106,221.0,rf_26,800,sqrt,1,balanced_subsample,S2-only,CROME treated as a reference crop-map product rather than direct ground truth
Beet (sugar beet / fodder beet),0.8109452736318408,0.7309417040358744,0.7688679245283019,223.0,rf_26,800,sqrt,1,balanced_subsample,S2-only,CROME treated as a reference crop-map product rather than direct ground truth
Maize,0.5675675675675675,0.6774193548387096,0.6176470588235294,217.0,rf_26,800,sqrt,1,balanced_subsample,S2-only,CROME treated as a reference crop-map product rather than direct ground truth
Oilseed rape,0.8418367346938775,0.7971014492753623,0.8188585607940446,207.0,rf_26,800,sqrt,1,balanced_subsample,S2-only,CROME treated as a reference crop-map product rather than direct ground truth
Potatoes,0.7540106951871658,0.6619718309859155,0.705,213.0,rf_26,800,sqrt,1,balanced_subsample,S2-only,CROME treated as a reference crop-map product rather than direct ground truth
Pulses / field beans and peas,0.5353535353535354,0.5,0.5170731707317073,212.0,rf_26,800,sqrt,1,balanced_subsample,S2-only,CROME treated as a reference crop-map product rather than direct ground truth
Winter wheat,0.825,0.7857142857142857,0.8048780487804879,210.0,rf_26,800,sqrt,1,balanced_subsample,S1+S2,CROME treated as a reference crop-map product rather than direct ground truth
Winter barley,0.7962962962962963,0.7818181818181819,0.7889908256880734,220.0,rf_26,800,sqrt,1,balanced_subsample,S1+S2,CROME treated as a reference crop-map product rather than direct ground truth
Spring barley,0.8355555555555556,0.8506787330316742,0.8430493273542601,221.0,rf_26,800,sqrt,1,balanced_subsample,S1+S2,CROME treated as a reference crop-map product rather than direct ground truth
Beet (sugar beet / fodder beet),0.8387096774193549,0.8161434977578476,0.8272727272727273,223.0,rf_26,800,sqrt,1,balanced_subsample,S1+S2,CROME treated as a reference crop-map product rather than direct ground truth
Maize,0.6858407079646017,0.7142857142857143,0.6997742663656885,217.0,rf_26,800,sqrt,1,balanced_subsample,S1+S2,CROME treated as a reference crop-map product rather than direct ground truth
Oilseed rape,0.8904761904761904,0.9033816425120773,0.8968824940047961,207.0,rf_26,800,sqrt,1,balanced_subsample,S1+S2,CROME treated as a reference crop-map product rather than direct ground truth
Potatoes,0.8019323671497585,0.7793427230046949,0.7904761904761904,213.0,rf_26,800,sqrt,1,balanced_subsample,S1+S2,CROME treated as a reference crop-map product rather than direct ground truth
Pulses / field beans and peas,0.6486486486486487,0.6792452830188679,0.663594470046083,212.0,rf_26,800,sqrt,1,balanced_subsample,S1+S2,CROME treated as a reference crop-map product rather than direct ground truth
Winter wheat,0.7247706422018348,0.7523809523809524,0.7383177570093458,210.0,rf_27,800,sqrt,3,balanced,S2-only,CROME treated as a reference crop-map product rather than direct ground truth
Winter barley,0.7432432432432432,0.75,0.746606334841629,220.0,rf_27,800,sqrt,3,balanced,S2-only,CROME treated as a reference crop-map product rather than direct ground truth
Spring barley,0.7182539682539683,0.8190045248868778,0.7653276955602537,221.0,rf_27,800,sqrt,3,balanced,S2-only,CROME treated as a reference crop-map product rather than direct ground truth
Beet (sugar beet / fodder beet),0.82,0.7354260089686099,0.7754137115839244,223.0,rf_27,800,sqrt,3,balanced,S2-only,CROME treated as a reference crop-map product rather than direct ground truth
Maize,0.5708812260536399,0.6866359447004609,0.6234309623430963,217.0,rf_27,800,sqrt,3,balanced,S2-only,CROME treated as a reference crop-map product rather than direct ground truth
Oilseed rape,0.8489583333333334,0.7874396135265701,0.8170426065162907,207.0,rf_27,800,sqrt,3,balanced,S2-only,CROME treated as a reference crop-map product rather than direct ground truth
Potatoes,0.7365591397849462,0.6431924882629108,0.6867167919799498,213.0,rf_27,800,sqrt,3,balanced,S2-only,CROME treated as a reference crop-map product rather than direct ground truth
Pulses / field beans and peas,0.53125,0.4811320754716981,0.504950495049505,212.0,rf_27,800,sqrt,3,balanced,S2-only,CROME treated as a reference crop-map product rather than direct ground truth
Winter wheat,0.8333333333333334,0.7857142857142857,0.8088235294117647,210.0,rf_27,800,sqrt,3,balanced,S1+S2,CROME treated as a reference crop-map product rather than direct ground truth
Winter barley,0.7935779816513762,0.7863636363636364,0.7899543378995434,220.0,rf_27,800,sqrt,3,balanced,S1+S2,CROME treated as a reference crop-map product rather than direct ground truth
Spring barley,0.8416289592760181,0.8416289592760181,0.8416289592760181,221.0,rf_27,800,sqrt,3,balanced,S1+S2,CROME treated as a reference crop-map product rather than direct ground truth
Beet (sugar beet / fodder beet),0.8294930875576036,0.8071748878923767,0.8181818181818182,223.0,rf_27,800,sqrt,3,balanced,S1+S2,CROME treated as a reference crop-map product rather than direct ground truth
Maize,0.672566371681416,0.7004608294930875,0.6862302483069977,217.0,rf_27,800,sqrt,3,balanced,S1+S2,CROME treated as a reference crop-map product rather than direct ground truth
Oilseed rape,0.8873239436619719,0.9130434782608695,0.9,207.0,rf_27,800,sqrt,3,balanced,S1+S2,CROME treated as a reference crop-map product rather than direct ground truth
Potatoes,0.7922705314009661,0.7699530516431925,0.780952380952381,213.0,rf_27,800,sqrt,3,balanced,S1+S2,CROME treated as a reference crop-map product rather than direct ground truth
Pulses / field beans and peas,0.6367713004484304,0.6698113207547169,0.6528735632183909,212.0,rf_27,800,sqrt,3,balanced,S1+S2,CROME treated as a reference crop-map product rather than direct ground truth
Winter wheat,0.7272727272727273,0.7619047619047619,0.7441860465116279,210.0,rf_28,800,sqrt,3,balanced_subsample,S2-only,CROME treated as a reference crop-map product rather than direct ground truth
Winter barley,0.7522935779816514,0.7454545454545455,0.7488584474885844,220.0,rf_28,800,sqrt,3,balanced_subsample,S2-only,CROME treated as a reference crop-map product rather than direct ground truth
Spring barley,0.7114624505928854,0.8144796380090498,0.759493670886076,221.0,rf_28,800,sqrt,3,balanced_subsample,S2-only,CROME treated as a reference crop-map product rather than direct ground truth
Beet (sugar beet / fodder beet),0.815,0.7309417040358744,0.7706855791962175,223.0,rf_28,800,sqrt,3,balanced_subsample,S2-only,CROME treated as a reference crop-map product rather than direct ground truth
Maize,0.573076923076923,0.6866359447004609,0.6247379454926625,217.0,rf_28,800,sqrt,3,balanced_subsample,S2-only,CROME treated as a reference crop-map product rather than direct ground truth
Oilseed rape,0.8324873096446701,0.7922705314009661,0.8118811881188119,207.0,rf_28,800,sqrt,3,balanced_subsample,S2-only,CROME treated as a reference crop-map product rather than direct ground truth
Potatoes,0.7473118279569892,0.6525821596244131,0.6967418546365914,213.0,rf_28,800,sqrt,3,balanced_subsample,S2-only,CROME treated as a reference crop-map product rather than direct ground truth
Pulses / field beans and peas,0.5502645502645502,0.49056603773584906,0.5187032418952618,212.0,rf_28,800,sqrt,3,balanced_subsample,S2-only,CROME treated as a reference crop-map product rather than direct ground truth
Winter wheat,0.8258706467661692,0.7904761904761904,0.8077858880778589,210.0,rf_28,800,sqrt,3,balanced_subsample,S1+S2,CROME treated as a reference crop-map product rather than direct ground truth
Winter barley,0.8055555555555556,0.7909090909090909,0.7981651376146789,220.0,rf_28,800,sqrt,3,balanced_subsample,S1+S2,CROME treated as a reference crop-map product rather than direct ground truth
Spring barley,0.8552036199095022,0.8552036199095022,0.8552036199095022,221.0,rf_28,800,sqrt,3,balanced_subsample,S1+S2,CROME treated as a reference crop-map product rather than direct ground truth
Beet (sugar beet / fodder beet),0.8348623853211009,0.8161434977578476,0.8253968253968254,223.0,rf_28,800,sqrt,3,balanced_subsample,S1+S2,CROME treated as a reference crop-map product rather than direct ground truth
Maize,0.6830357142857143,0.7050691244239631,0.6938775510204082,217.0,rf_28,800,sqrt,3,balanced_subsample,S1+S2,CROME treated as a reference crop-map product rather than direct ground truth
Oilseed rape,0.883177570093458,0.9130434782608695,0.8978622327790974,207.0,rf_28,800,sqrt,3,balanced_subsample,S1+S2,CROME treated as a reference crop-map product rather than direct ground truth
Potatoes,0.7922705314009661,0.7699530516431925,0.780952380952381,213.0,rf_28,800,sqrt,3,balanced_subsample,S1+S2,CROME treated as a reference crop-map product rather than direct ground truth
Pulses / field beans and peas,0.6441441441441441,0.6745283018867925,0.6589861751152074,212.0,rf_28,800,sqrt,3,balanced_subsample,S1+S2,CROME treated as a reference crop-map product rather than direct ground truth
Winter wheat,0.7214611872146118,0.7523809523809524,0.7365967365967366,210.0,rf_29,800,sqrt,5,balanced,S2-only,CROME treated as a reference crop-map product rather than direct ground truth
Winter barley,0.7454545454545455,0.7454545454545455,0.7454545454545455,220.0,rf_29,800,sqrt,5,balanced,S2-only,CROME treated as a reference crop-map product rather than direct ground truth
Spring barley,0.7015503875968992,0.8190045248868778,0.755741127348643,221.0,rf_29,800,sqrt,5,balanced,S2-only,CROME treated as a reference crop-map product rather than direct ground truth
Beet (sugar beet / fodder beet),0.81,0.726457399103139,0.7659574468085106,223.0,rf_29,800,sqrt,5,balanced,S2-only,CROME treated as a reference crop-map product rather than direct ground truth
Maize,0.5534351145038168,0.6682027649769585,0.605427974947808,217.0,rf_29,800,sqrt,5,balanced,S2-only,CROME treated as a reference crop-map product rather than direct ground truth
Oilseed rape,0.8393782383419689,0.782608695652174,0.81,207.0,rf_29,800,sqrt,5,balanced,S2-only,CROME treated as a reference crop-map product rather than direct ground truth
Potatoes,0.7336956521739131,0.6338028169014085,0.6801007556675063,213.0,rf_29,800,sqrt,5,balanced,S2-only,CROME treated as a reference crop-map product rather than direct ground truth
Pulses / field beans and peas,0.5347593582887701,0.4716981132075472,0.5012531328320802,212.0,rf_29,800,sqrt,5,balanced,S2-only,CROME treated as a reference crop-map product rather than direct ground truth
Winter wheat,0.825,0.7857142857142857,0.8048780487804879,210.0,rf_29,800,sqrt,5,balanced,S1+S2,CROME treated as a reference crop-map product rather than direct ground truth
Winter barley,0.7945205479452054,0.7909090909090909,0.7927107061503417,220.0,rf_29,800,sqrt,5,balanced,S1+S2,CROME treated as a reference crop-map product rather than direct ground truth
Spring barley,0.8454545454545455,0.8416289592760181,0.8435374149659864,221.0,rf_29,800,sqrt,5,balanced,S1+S2,CROME treated as a reference crop-map product rather than direct ground truth
Beet (sugar beet / fodder beet),0.8387096774193549,0.8161434977578476,0.8272727272727273,223.0,rf_29,800,sqrt,5,balanced,S1+S2,CROME treated as a reference crop-map product rather than direct ground truth
Maize,0.669683257918552,0.6820276497695853,0.6757990867579908,217.0,rf_29,800,sqrt,5,balanced,S1+S2,CROME treated as a reference crop-map product rather than direct ground truth
Oilseed rape,0.8873239436619719,0.9130434782608695,0.9,207.0,rf_29,800,sqrt,5,balanced,S1+S2,CROME treated as a reference crop-map product rather than direct ground truth
Potatoes,0.7990196078431373,0.7652582159624414,0.7817745803357314,213.0,rf_29,800,sqrt,5,balanced,S1+S2,CROME treated as a reference crop-map product rather than direct ground truth
Pulses / field beans and peas,0.6244541484716157,0.6745283018867925,0.6485260770975056,212.0,rf_29,800,sqrt,5,balanced,S1+S2,CROME treated as a reference crop-map product rather than direct ground truth
Winter wheat,0.7111111111111111,0.7619047619047619,0.735632183908046,210.0,rf_30,800,sqrt,5,balanced_subsample,S2-only,CROME treated as a reference crop-map product rather than direct ground truth
Winter barley,0.7546296296296297,0.740909090909091,0.7477064220183486,220.0,rf_30,800,sqrt,5,balanced_subsample,S2-only,CROME treated as a reference crop-map product rather than direct ground truth
Spring barley,0.7109375,0.8235294117647058,0.7631027253668763,221.0,rf_30,800,sqrt,5,balanced_subsample,S2-only,CROME treated as a reference crop-map product rather than direct ground truth
Beet (sugar beet / fodder beet),0.8118811881188119,0.7354260089686099,0.7717647058823529,223.0,rf_30,800,sqrt,5,balanced_subsample,S2-only,CROME treated as a reference crop-map product rather than direct ground truth
Maize,0.5692307692307692,0.6820276497695853,0.6205450733752621,217.0,rf_30,800,sqrt,5,balanced_subsample,S2-only,CROME treated as a reference crop-map product rather than direct ground truth
Oilseed rape,0.8497409326424871,0.7922705314009661,0.82,207.0,rf_30,800,sqrt,5,balanced_subsample,S2-only,CROME treated as a reference crop-map product rather than direct ground truth
Potatoes,0.7258064516129032,0.6338028169014085,0.6766917293233082,213.0,rf_30,800,sqrt,5,balanced_subsample,S2-only,CROME treated as a reference crop-map product rather than direct ground truth
Pulses / field beans and peas,0.5351351351351351,0.4669811320754717,0.4987405541561713,212.0,rf_30,800,sqrt,5,balanced_subsample,S2-only,CROME treated as a reference crop-map product rather than direct ground truth
Winter wheat,0.8333333333333334,0.7857142857142857,0.8088235294117647,210.0,rf_30,800,sqrt,5,balanced_subsample,S1+S2,CROME treated as a reference crop-map product rather than direct ground truth
Winter barley,0.7945205479452054,0.7909090909090909,0.7927107061503417,220.0,rf_30,800,sqrt,5,balanced_subsample,S1+S2,CROME treated as a reference crop-map product rather than direct ground truth
Spring barley,0.8378378378378378,0.8416289592760181,0.8397291196388262,221.0,rf_30,800,sqrt,5,balanced_subsample,S1+S2,CROME treated as a reference crop-map product rather than direct ground truth
Beet (sugar beet / fodder beet),0.8418604651162791,0.8116591928251121,0.8264840182648402,223.0,rf_30,800,sqrt,5,balanced_subsample,S1+S2,CROME treated as a reference crop-map product rather than direct ground truth
Maize,0.668141592920354,0.695852534562212,0.6817155756207675,217.0,rf_30,800,sqrt,5,balanced_subsample,S1+S2,CROME treated as a reference crop-map product rather than direct ground truth
Oilseed rape,0.8826291079812206,0.9082125603864735,0.8952380952380953,207.0,rf_30,800,sqrt,5,balanced_subsample,S1+S2,CROME treated as a reference crop-map product rather than direct ground truth
Potatoes,0.81,0.7605633802816901,0.784503631961259,213.0,rf_30,800,sqrt,5,balanced_subsample,S1+S2,CROME treated as a reference crop-map product rather than direct ground truth
Pulses / field beans and peas,0.6173913043478261,0.6698113207547169,0.6425339366515838,212.0,rf_30,800,sqrt,5,balanced_subsample,S1+S2,CROME treated as a reference crop-map product rather than direct ground truth
Winter wheat,0.7252252252252253,0.7666666666666667,0.7453703703703703,210.0,rf_31,800,log2,1,balanced,S2-only,CROME treated as a reference crop-map product rather than direct ground truth
Winter barley,0.7534883720930232,0.7363636363636363,0.7448275862068966,220.0,rf_31,800,log2,1,balanced,S2-only,CROME treated as a reference crop-map product rather than direct ground truth
Spring barley,0.7125984251968503,0.8190045248868778,0.7621052631578947,221.0,rf_31,800,log2,1,balanced,S2-only,CROME treated as a reference crop-map product rather than direct ground truth
Beet (sugar beet / fodder beet),0.8088235294117647,0.7399103139013453,0.7728337236533958,223.0,rf_31,800,log2,1,balanced,S2-only,CROME treated as a reference crop-map product rather than direct ground truth
Maize,0.5912698412698413,0.6866359447004609,0.6353944562899787,217.0,rf_31,800,log2,1,balanced,S2-only,CROME treated as a reference crop-map product rather than direct ground truth
Oilseed rape,0.8631578947368421,0.7922705314009661,0.8261964735516373,207.0,rf_31,800,log2,1,balanced,S2-only,CROME treated as a reference crop-map product rather than direct ground truth
Potatoes,0.7569060773480663,0.6431924882629108,0.6954314720812182,213.0,rf_31,800,log2,1,balanced,S2-only,CROME treated as a reference crop-map product rather than direct ground truth
Pulses / field beans and peas,0.526829268292683,0.5094339622641509,0.5179856115107914,212.0,rf_31,800,log2,1,balanced,S2-only,CROME treated as a reference crop-map product rather than direct ground truth
Winter wheat,0.8316831683168316,0.8,0.8155339805825242,210.0,rf_31,800,log2,1,balanced,S1+S2,CROME treated as a reference crop-map product rather than direct ground truth
Winter barley,0.8066037735849056,0.7772727272727272,0.7916666666666666,220.0,rf_31,800,log2,1,balanced,S1+S2,CROME treated as a reference crop-map product rather than direct ground truth
Spring barley,0.8289473684210527,0.8552036199095022,0.8418708240534521,221.0,rf_31,800,log2,1,balanced,S1+S2,CROME treated as a reference crop-map product rather than direct ground truth
Beet (sugar beet / fodder beet),0.8401826484018264,0.8251121076233184,0.832579185520362,223.0,rf_31,800,log2,1,balanced,S1+S2,CROME treated as a reference crop-map product rather than direct ground truth
Maize,0.6753246753246753,0.7188940092165899,0.6964285714285714,217.0,rf_31,800,log2,1,balanced,S1+S2,CROME treated as a reference crop-map product rather than direct ground truth
Oilseed rape,0.8909952606635071,0.9082125603864735,0.8995215311004785,207.0,rf_31,800,log2,1,balanced,S1+S2,CROME treated as a reference crop-map product rather than direct ground truth
Potatoes,0.8159203980099502,0.7699530516431925,0.7922705314009661,213.0,rf_31,800,log2,1,balanced,S1+S2,CROME treated as a reference crop-map product rather than direct ground truth
Pulses / field beans and peas,0.6484018264840182,0.6698113207547169,0.6589327146171694,212.0,rf_31,800,log2,1,balanced,S1+S2,CROME treated as a reference crop-map product rather than direct ground truth
Winter wheat,0.7511737089201878,0.7619047619047619,0.7565011820330969,210.0,rf_32,800,log2,1,balanced_subsample,S2-only,CROME treated as a reference crop-map product rather than direct ground truth
Winter barley,0.757847533632287,0.7681818181818182,0.7629796839729119,220.0,rf_32,800,log2,1,balanced_subsample,S2-only,CROME treated as a reference crop-map product rather than direct ground truth
Spring barley,0.7269076305220884,0.8190045248868778,0.7702127659574468,221.0,rf_32,800,log2,1,balanced_subsample,S2-only,CROME treated as a reference crop-map product rather than direct ground truth
Beet (sugar beet / fodder beet),0.8109452736318408,0.7309417040358744,0.7688679245283019,223.0,rf_32,800,log2,1,balanced_subsample,S2-only,CROME treated as a reference crop-map product rather than direct ground truth
Maize,0.5866141732283464,0.6866359447004609,0.6326963906581741,217.0,rf_32,800,log2,1,balanced_subsample,S2-only,CROME treated as a reference crop-map product rather than direct ground truth
Oilseed rape,0.8586387434554974,0.7922705314009661,0.8241206030150754,207.0,rf_32,800,log2,1,balanced_subsample,S2-only,CROME treated as a reference crop-map product rather than direct ground truth
Potatoes,0.7354497354497355,0.6525821596244131,0.6915422885572139,213.0,rf_32,800,log2,1,balanced_subsample,S2-only,CROME treated as a reference crop-map product rather than direct ground truth
Pulses / field beans and peas,0.5369458128078818,0.5141509433962265,0.5253012048192771,212.0,rf_32,800,log2,1,balanced_subsample,S2-only,CROME treated as a reference crop-map product rather than direct ground truth
Winter wheat,0.8232323232323232,0.7761904761904762,0.7990196078431373,210.0,rf_32,800,log2,1,balanced_subsample,S1+S2,CROME treated as a reference crop-map product rather than direct ground truth
Winter barley,0.7782805429864253,0.7818181818181819,0.780045351473923,220.0,rf_32,800,log2,1,balanced_subsample,S1+S2,CROME treated as a reference crop-map product rather than direct ground truth
Spring barley,0.8281938325991189,0.8506787330316742,0.8392857142857143,221.0,rf_32,800,log2,1,balanced_subsample,S1+S2,CROME treated as a reference crop-map product rather than direct ground truth
Beet (sugar beet / fodder beet),0.8356164383561644,0.820627802690583,0.8280542986425339,223.0,rf_32,800,log2,1,balanced_subsample,S1+S2,CROME treated as a reference crop-map product rather than direct ground truth
Maize,0.6981981981981982,0.7142857142857143,0.7061503416856492,217.0,rf_32,800,log2,1,balanced_subsample,S1+S2,CROME treated as a reference crop-map product rather than direct ground truth
Oilseed rape,0.8867924528301887,0.9082125603864735,0.8973747016706444,207.0,rf_32,800,log2,1,balanced_subsample,S1+S2,CROME treated as a reference crop-map product rather than direct ground truth
Potatoes,0.8048780487804879,0.7746478873239436,0.7894736842105263,213.0,rf_32,800,log2,1,balanced_subsample,S1+S2,CROME treated as a reference crop-map product rather than direct ground truth
Pulses / field beans and peas,0.6529680365296804,0.6745283018867925,0.6635730858468677,212.0,rf_32,800,log2,1,balanced_subsample,S1+S2,CROME treated as a reference crop-map product rather than direct ground truth
Winter wheat,0.726457399103139,0.7714285714285715,0.7482678983833718,210.0,rf_33,800,log2,3,balanced,S2-only,CROME treated as a reference crop-map product rather than direct ground truth
Winter barley,0.7547169811320755,0.7272727272727273,0.7407407407407407,220.0,rf_33,800,log2,3,balanced,S2-only,CROME treated as a reference crop-map product rather than direct ground truth
Spring barley,0.7103174603174603,0.8099547511312217,0.7568710359408034,221.0,rf_33,800,log2,3,balanced,S2-only,CROME treated as a reference crop-map product rather than direct ground truth
Beet (sugar beet / fodder beet),0.803921568627451,0.7354260089686099,0.7681498829039812,223.0,rf_33,800,log2,3,balanced,S2-only,CROME treated as a reference crop-map product rather than direct ground truth
Maize,0.5680933852140078,0.6728110599078341,0.6160337552742616,217.0,rf_33,800,log2,3,balanced,S2-only,CROME treated as a reference crop-map product rather than direct ground truth
Oilseed rape,0.8282828282828283,0.7922705314009661,0.8098765432098766,207.0,rf_33,800,log2,3,balanced,S2-only,CROME treated as a reference crop-map product rather than direct ground truth
Potatoes,0.7365591397849462,0.6431924882629108,0.6867167919799498,213.0,rf_33,800,log2,3,balanced,S2-only,CROME treated as a reference crop-map product rather than direct ground truth
Pulses / field beans and peas,0.5445026178010471,0.49056603773584906,0.5161290322580645,212.0,rf_33,800,log2,3,balanced,S2-only,CROME treated as a reference crop-map product rather than direct ground truth
Winter wheat,0.83,0.7904761904761904,0.8097560975609757,210.0,rf_33,800,log2,3,balanced,S1+S2,CROME treated as a reference crop-map product rather than direct ground truth
Winter barley,0.7935779816513762,0.7863636363636364,0.7899543378995434,220.0,rf_33,800,log2,3,balanced,S1+S2,CROME treated as a reference crop-map product rather than direct ground truth
Spring barley,0.831858407079646,0.8506787330316742,0.8411633109619687,221.0,rf_33,800,log2,3,balanced,S1+S2,CROME treated as a reference crop-map product rather than direct ground truth
Beet (sugar beet / fodder beet),0.8348623853211009,0.8161434977578476,0.8253968253968254,223.0,rf_33,800,log2,3,balanced,S1+S2,CROME treated as a reference crop-map product rather than direct ground truth
Maize,0.6711111111111111,0.695852534562212,0.6832579185520362,217.0,rf_33,800,log2,3,balanced,S1+S2,CROME treated as a reference crop-map product rather than direct ground truth
Oilseed rape,0.8862559241706162,0.9033816425120773,0.8947368421052632,207.0,rf_33,800,log2,3,balanced,S1+S2,CROME treated as a reference crop-map product rather than direct ground truth
Potatoes,0.8137254901960784,0.7793427230046949,0.7961630695443646,213.0,rf_33,800,log2,3,balanced,S1+S2,CROME treated as a reference crop-map product rather than direct ground truth
Pulses / field beans and peas,0.6470588235294118,0.6745283018867925,0.6605080831408776,212.0,rf_33,800,log2,3,balanced,S1+S2,CROME treated as a reference crop-map product rather than direct ground truth
Winter wheat,0.7272727272727273,0.7619047619047619,0.7441860465116279,210.0,rf_34,800,log2,3,balanced_subsample,S2-only,CROME treated as a reference crop-map product rather than direct ground truth
Winter barley,0.7477064220183486,0.740909090909091,0.7442922374429224,220.0,rf_34,800,log2,3,balanced_subsample,S2-only,CROME treated as a reference crop-map product rather than direct ground truth
Spring barley,0.703125,0.8144796380090498,0.7547169811320755,221.0,rf_34,800,log2,3,balanced_subsample,S2-only,CROME treated as a reference crop-map product rather than direct ground truth
Beet (sugar beet / fodder beet),0.806930693069307,0.7309417040358744,0.7670588235294118,223.0,rf_34,800,log2,3,balanced_subsample,S2-only,CROME treated as a reference crop-map product rather than direct ground truth
Maize,0.5719844357976653,0.6774193548387096,0.620253164556962,217.0,rf_34,800,log2,3,balanced_subsample,S2-only,CROME treated as a reference crop-map product rather than direct ground truth
Oilseed rape,0.8497409326424871,0.7922705314009661,0.82,207.0,rf_34,800,log2,3,balanced_subsample,S2-only,CROME treated as a reference crop-map product rather than direct ground truth
Potatoes,0.7272727272727273,0.6384976525821596,0.68,213.0,rf_34,800,log2,3,balanced_subsample,S2-only,CROME treated as a reference crop-map product rather than direct ground truth
Pulses / field beans and peas,0.5368421052631579,0.4811320754716981,0.5074626865671642,212.0,rf_34,800,log2,3,balanced_subsample,S2-only,CROME treated as a reference crop-map product rather than direct ground truth
Winter wheat,0.8258706467661692,0.7904761904761904,0.8077858880778589,210.0,rf_34,800,log2,3,balanced_subsample,S1+S2,CROME treated as a reference crop-map product rather than direct ground truth
Winter barley,0.8009259259259259,0.7863636363636364,0.7935779816513762,220.0,rf_34,800,log2,3,balanced_subsample,S1+S2,CROME treated as a reference crop-map product rather than direct ground truth
Spring barley,0.831858407079646,0.8506787330316742,0.8411633109619687,221.0,rf_34,800,log2,3,balanced_subsample,S1+S2,CROME treated as a reference crop-map product rather than direct ground truth
Beet (sugar beet / fodder beet),0.8433179723502304,0.820627802690583,0.8318181818181818,223.0,rf_34,800,log2,3,balanced_subsample,S1+S2,CROME treated as a reference crop-map product rather than direct ground truth
Maize,0.6755555555555556,0.7004608294930875,0.6877828054298643,217.0,rf_34,800,log2,3,balanced_subsample,S1+S2,CROME treated as a reference crop-map product rather than direct ground truth
Oilseed rape,0.8952380952380953,0.9082125603864735,0.9016786570743405,207.0,rf_34,800,log2,3,balanced_subsample,S1+S2,CROME treated as a reference crop-map product rather than direct ground truth
Potatoes,0.8088235294117647,0.7746478873239436,0.7913669064748201,213.0,rf_34,800,log2,3,balanced_subsample,S1+S2,CROME treated as a reference crop-map product rather than direct ground truth
Pulses / field beans and peas,0.6383928571428571,0.6745283018867925,0.6559633027522935,212.0,rf_34,800,log2,3,balanced_subsample,S1+S2,CROME treated as a reference crop-map product rather than direct ground truth
Winter wheat,0.7111111111111111,0.7619047619047619,0.735632183908046,210.0,rf_35,800,log2,5,balanced,S2-only,CROME treated as a reference crop-map product rather than direct ground truth
Winter barley,0.7453703703703703,0.7318181818181818,0.7385321100917431,220.0,rf_35,800,log2,5,balanced,S2-only,CROME treated as a reference crop-map product rather than direct ground truth
Spring barley,0.6964980544747081,0.8099547511312217,0.7489539748953975,221.0,rf_35,800,log2,5,balanced,S2-only,CROME treated as a reference crop-map product rather than direct ground truth
Beet (sugar beet / fodder beet),0.7970297029702971,0.7219730941704036,0.7576470588235295,223.0,rf_35,800,log2,5,balanced,S2-only,CROME treated as a reference crop-map product rather than direct ground truth
Maize,0.5680933852140078,0.6728110599078341,0.6160337552742616,217.0,rf_35,800,log2,5,balanced,S2-only,CROME treated as a reference crop-map product rather than direct ground truth
Oilseed rape,0.8586387434554974,0.7922705314009661,0.8241206030150754,207.0,rf_35,800,log2,5,balanced,S2-only,CROME treated as a reference crop-map product rather than direct ground truth
Potatoes,0.7258064516129032,0.6338028169014085,0.6766917293233082,213.0,rf_35,800,log2,5,balanced,S2-only,CROME treated as a reference crop-map product rather than direct ground truth
Pulses / field beans and peas,0.5502645502645502,0.49056603773584906,0.5187032418952618,212.0,rf_35,800,log2,5,balanced,S2-only,CROME treated as a reference crop-map product rather than direct ground truth
Winter wheat,0.8291457286432161,0.7857142857142857,0.8068459657701712,210.0,rf_35,800,log2,5,balanced,S1+S2,CROME treated as a reference crop-map product rather than direct ground truth
Winter barley,0.7945205479452054,0.7909090909090909,0.7927107061503417,220.0,rf_35,800,log2,5,balanced,S1+S2,CROME treated as a reference crop-map product rather than direct ground truth
Spring barley,0.8355555555555556,0.8506787330316742,0.8430493273542601,221.0,rf_35,800,log2,5,balanced,S1+S2,CROME treated as a reference crop-map product rather than direct ground truth
Beet (sugar beet / fodder beet),0.8379629629629629,0.8116591928251121,0.8246013667425968,223.0,rf_35,800,log2,5,balanced,S1+S2,CROME treated as a reference crop-map product rather than direct ground truth
Maize,0.6756756756756757,0.6912442396313364,0.683371298405467,217.0,rf_35,800,log2,5,balanced,S1+S2,CROME treated as a reference crop-map product rather than direct ground truth
Oilseed rape,0.8820754716981132,0.9033816425120773,0.8926014319809069,207.0,rf_35,800,log2,5,balanced,S1+S2,CROME treated as a reference crop-map product rather than direct ground truth
Potatoes,0.8118811881188119,0.7699530516431925,0.7903614457831325,213.0,rf_35,800,log2,5,balanced,S1+S2,CROME treated as a reference crop-map product rather than direct ground truth
Pulses / field beans and peas,0.6359649122807017,0.6839622641509434,0.6590909090909091,212.0,rf_35,800,log2,5,balanced,S1+S2,CROME treated as a reference crop-map product rather than direct ground truth
Winter wheat,0.71875,0.7666666666666667,0.7419354838709677,210.0,rf_36,800,log2,5,balanced_subsample,S2-only,CROME treated as a reference crop-map product rather than direct ground truth
Winter barley,0.7419354838709677,0.7318181818181818,0.7368421052631579,220.0,rf_36,800,log2,5,balanced_subsample,S2-only,CROME treated as a reference crop-map product rather than direct ground truth
Spring barley,0.7098039215686275,0.8190045248868778,0.7605042016806722,221.0,rf_36,800,log2,5,balanced_subsample,S2-only,CROME treated as a reference crop-map product rather than direct ground truth
Beet (sugar beet / fodder beet),0.81,0.726457399103139,0.7659574468085106,223.0,rf_36,800,log2,5,balanced_subsample,S2-only,CROME treated as a reference crop-map product rather than direct ground truth
Maize,0.5593869731800766,0.6728110599078341,0.6108786610878661,217.0,rf_36,800,log2,5,balanced_subsample,S2-only,CROME treated as a reference crop-map product rather than direct ground truth
Oilseed rape,0.8526315789473684,0.782608695652174,0.8161209068010076,207.0,rf_36,800,log2,5,balanced_subsample,S2-only,CROME treated as a reference crop-map product rather than direct ground truth
Potatoes,0.7165775401069518,0.6291079812206573,0.67,213.0,rf_36,800,log2,5,balanced_subsample,S2-only,CROME treated as a reference crop-map product rather than direct ground truth
Pulses / field beans and peas,0.5343915343915344,0.47641509433962265,0.5037406483790524,212.0,rf_36,800,log2,5,balanced_subsample,S2-only,CROME treated as a reference crop-map product rather than direct ground truth
Winter wheat,0.8324873096446701,0.780952380952381,0.8058968058968059,210.0,rf_36,800,log2,5,balanced_subsample,S1+S2,CROME treated as a reference crop-map product rather than direct ground truth
Winter barley,0.7909090909090909,0.7909090909090909,0.7909090909090909,220.0,rf_36,800,log2,5,balanced_subsample,S1+S2,CROME treated as a reference crop-map product rather than direct ground truth
Spring barley,0.8355555555555556,0.8506787330316742,0.8430493273542601,221.0,rf_36,800,log2,5,balanced_subsample,S1+S2,CROME treated as a reference crop-map product rather than direct ground truth
Beet (sugar beet / fodder beet),0.8497652582159625,0.8116591928251121,0.8302752293577982,223.0,rf_36,800,log2,5,balanced_subsample,S1+S2,CROME treated as a reference crop-map product rather than direct ground truth
Maize,0.6696428571428571,0.6912442396313364,0.6802721088435374,217.0,rf_36,800,log2,5,balanced_subsample,S1+S2,CROME treated as a reference crop-map product rather than direct ground truth
Oilseed rape,0.8867924528301887,0.9082125603864735,0.8973747016706444,207.0,rf_36,800,log2,5,balanced_subsample,S1+S2,CROME treated as a reference crop-map product rather than direct ground truth
Potatoes,0.8159203980099502,0.7699530516431925,0.7922705314009661,213.0,rf_36,800,log2,5,balanced_subsample,S1+S2,CROME treated as a reference crop-map product rather than direct ground truth
Pulses / field beans and peas,0.6320346320346321,0.6886792452830188,0.6591422121896162,212.0,rf_36,800,log2,5,balanced_subsample,S1+S2,CROME treated as a reference crop-map product rather than direct ground truth
